"idFreq0","PMID","subpopSize","subset1","subset2","subset3","expFrequencyName","freqType","freqMeasure","freqUnit"
NA,"10021962",NA,NA,NA,NA,"pdph",NA,"9.3 %","%"
NA,"10021962",NA,NA,NA,NA,"women",NA,"20.4 %","%"
NA,"10021962",NA,NA,NA,NA,"pdph",NA,"5.5 %","%"
NA,"10068175",NA,NA,NA,NA,"effectiveness productivity",NA,"50 %","%"
NA,"10093820",NA,NA,NA,NA,"frequency cts",NA,"12.5 %","%"
NA,"10234463",NA,NA,NA,NA,"psychosocial stress",NA,"84.8 %","%"
NA,"10234463",NA,NA,NA,NA,"anxiety",NA,"52.5 %","%"
NA,"10234463",NA,NA,NA,NA,"depression",NA,"36.4 %","%"
NA,"10234463",NA,NA,NA,NA,"headache delusion idea",NA,"21.7 %","%"
NA,"10234463",NA,NA,NA,NA,"psychiatric comorbidity",NA,"29.5 %","%"
NA,"10234463",NA,NA,NA,NA,"generalized anxiety disorder",NA,"83.3 %","%"
NA,"10234463",NA,NA,NA,NA,"dysthymia",NA,"45.6 %","%"
NA,"10234869",NA,NA,NA,NA,"helped treatments cured headache problems",NA,"81 %","%"
NA,"10447907",NA,NA,NA,NA,"response rate",NA,"97 %","%"
NA,"10447907",NA,NA,NA,NA,"pdph",NA,"15 %","%"
NA,"10447907",NA,NA,NA,NA,"pdph",NA,"9 %","%"
NA,"10448549",NA,NA,NA,NA,"tension type headache",NA,"78 %","%"
NA,"10448549",NA,NA,NA,NA,"chronically affected",NA,"3 %","%"
NA,"10448549",NA,NA,NA,NA,"patients",NA,"69 %","%"
NA,"10448549",NA,NA,NA,NA,"controls",NA,"17 %","%"
NA,"10490155",NA,NA,NA,NA,"headache",NA,"10 %","%"
NA,"10490155",NA,NA,NA,NA,"ebp",NA,"0 %","%"
NA,"10525978",NA,NA,NA,NA,"drug induced headache",NA,"8 %","%"
NA,"10525978",NA,NA,NA,NA,"female",NA,"81 %","%"
NA,"10525978",NA,NA,NA,NA,"migraine",NA,"35 %","%"
NA,"10525978",NA,NA,NA,NA,"acetaminophen",NA,"47.9 %","%"
NA,"10525978",NA,NA,NA,NA,"ergotamine tartrate",NA,"45 %","%"
NA,"10525978",NA,NA,NA,NA,"analgesics",NA,"56 %","%"
NA,"10525978",NA,NA,NA,NA,"drug induced headache",NA,"7 %","%"
NA,"10692618",NA,NA,NA,NA,"migraine",NA,"16.0 %","%"
NA,"10692618",NA,NA,NA,NA,"headache semiology tension type headache",NA,"45.8 %","%"
NA,"10692618",NA,NA,NA,NA,"in patients",NA,"20 %","%"
NA,"10692618",NA,NA,NA,NA,"hiv",NA,"50 %","%"
NA,"10759936",NA,NA,NA,NA,"tension type headache",NA,"59 %","%"
NA,"10759936",NA,NA,NA,NA,"needles",NA,"20 %","%"
NA,"10759936",NA,NA,NA,NA,"physical activity",NA,"41 %to 58 %","%"
NA,"10759936",NA,NA,NA,NA,"needles",NA,"11 %to 21 %","%"
NA,"10759936",NA,NA,NA,NA,"needles",NA,"12 %to 20 %","%"
NA,"11004048",NA,NA,NA,NA,"pdph",NA,"5 %","%"
NA,"11004048",NA,NA,NA,NA,"pdph",NA,"8.7 %","%"
NA,"11004048",NA,NA,NA,NA,"pdph",NA,"4 %","%"
NA,"11004048",NA,NA,NA,NA,"ebp",NA,"2.8 %","%"
NA,"11004048",NA,NA,NA,NA,"ebp",NA,"3.1 %","%"
NA,"11004048",NA,NA,NA,NA,"pdph",NA,"55 %","%"
NA,"11004048",NA,NA,NA,NA,"ebp",NA,"66 %","%"
NA,"11004048",NA,NA,NA,NA,"ebp",NA,"12.5 %","%"
NA,"11004048",NA,NA,NA,NA,"epidural blood patch",NA,"0 %","%"
NA,"11229216",NA,NA,NA,NA,"post lumbar puncture headache",NA,"17 %","%"
NA,"11229216",NA,NA,NA,NA,"bed rest group",NA,"18 %","%"
NA,"11229216",NA,NA,NA,NA,"severe headache",NA,"57 %","%"
NA,"11229216",NA,NA,NA,NA,"severe headache",NA,"12 %","%"
NA,"11234673",NA,NA,NA,NA,"general population",NA,"0.4 %","%"
NA,"11234673",NA,NA,NA,NA,"radiofrequency trigeminal rhizotomy treatment choice beneficial effects",NA,"70 %","%"
NA,"11251703",NA,NA,NA,NA,"headache frequency",NA,"45 %","%"
NA,"11251703",NA,NA,NA,NA,"trihexyphenidyl",NA,"28 %","%"
NA,"11279912",NA,NA,NA,NA,"guided imagery",NA,"21.7 %","%"
NA,"11279912",NA,NA,NA,NA,"controls",NA,"7.6 %","%"
NA,"11318882",NA,NA,NA,NA,"mean percentage improvement",NA,"49 %","%"
NA,"11318882",NA,NA,NA,NA,"weeks",NA,"65 %","%"
NA,"11318882",NA,NA,NA,NA,"weeks",NA,"64 %","%"
NA,"11318882",NA,NA,NA,NA,"adverse events",NA,"10 %","%"
NA,"11333382",NA,NA,NA,NA,"headache",NA,"39.5 %","%"
NA,"11333382",NA,NA,NA,NA,"tension type",NA,"20.9 %","%"
NA,"11333382",NA,NA,NA,NA,"migraine type",NA,"18.6 %","%"
NA,"11437888",NA,NA,NA,NA,"aspirin",NA,"56 %","%"
NA,"11437888",NA,NA,NA,NA,"oxygen saturation",NA,"86.1 %","%"
NA,"11437888",NA,NA,NA,NA,"placebo",NA,"85.7 %","%"
NA,"11437888",NA,NA,NA,NA,"+ placebo",NA,"2.8 %","%"
NA,"11437888",NA,NA,NA,NA,"headache",NA,"86 %","%"
NA,"11437888",NA,NA,NA,NA,"placebo",NA,"90 %","%"
NA,"11480258",NA,NA,NA,NA,"cbts migraine",NA,"50 %","%"
NA,"11506102",NA,NA,NA,NA,"disappearance symptoms",NA,"75 %","%"
NA,"11506102",NA,NA,NA,NA,"=",NA,"18 %","%"
NA,"11506102",NA,NA,NA,NA,"failure",NA,"7 %","%"
NA,"11595001",NA,NA,NA,NA,"type headache",NA,"89.9 %","%"
NA,"11595001",NA,NA,NA,NA,"consultation",NA,"63 %","%"
NA,"11595001",NA,NA,NA,NA,"tension type headache",NA,"39 %","%"
NA,"11676887",NA,NA,NA,NA,"cdh",NA,"40 %","%"
NA,"11676887",NA,NA,NA,NA,"overuse symptomatic medications",NA,"80 %","%"
NA,"11676887",NA,NA,NA,NA,"tm",NA,"60 %","%"
NA,"11676887",NA,NA,NA,NA,"ctth",NA,"20 %","%"
NA,"11676887",NA,NA,NA,NA,"cdh prevalence general population seems around",NA,"4 %","%"
NA,"11676887",NA,NA,NA,NA,"cdh",NA,"5 %","%"
NA,"11676887",NA,NA,NA,NA,"women",NA,"9 %","%"
NA,"11676887",NA,NA,NA,NA,"ndph",NA,"0.1 %","%"
NA,"11676887",NA,NA,NA,NA,"overuse analgesics",NA,"1.1 %to 1.9 %","%"
NA,"11676887",NA,NA,NA,NA,"overuse analgesics",NA,"1.9 %","%"
NA,"11781912",NA,NA,NA,NA,"patients wanted go home without rescue medication",NA,"80 %","%"
NA,"11781912",NA,NA,NA,NA,"patients  want rescue medication",NA,"57 %","%"
NA,"11781912",NA,NA,NA,NA,"sedation",NA,"14.3 %","%"
NA,"11781912",NA,NA,NA,NA,"akathisia",NA,"13.3 %","%"
NA,"11994030",NA,NA,NA,NA,"headache",NA,"8.8 %","%"
NA,"11994030",NA,NA,NA,NA,"headache",NA,"2.5 %","%"
NA,"12034799",NA,NA,NA,NA,"episodic tension type headache",NA,"30 %","%"
NA,"12034799",NA,NA,NA,NA,"migraine without aura",NA,"20 %","%"
NA,"12126338",NA,NA,NA,NA,"headache",NA,"24.4 %","%"
NA,"12221150",NA,NA,NA,NA,"chronic daily headache cdh affects approximately",NA,"5 %","%"
NA,"12221344",NA,NA,NA,NA,"loss follow evaluation",NA,"3.5 %","%"
NA,"12221344",NA,NA,NA,NA,"patients gained relief",NA,"10 %","%"
NA,"12386550",NA,NA,NA,NA,"overuse analgesic medications",NA,"20 %","%"
NA,"12390642",NA,NA,NA,NA,"prophylaxis",NA,"50 %","%"
NA,"12413406",NA,NA,NA,NA,"chronic daily headache",NA,"35 %to 40 %","%"
NA,"12425225",NA,NA,NA,NA,"t group",NA,"76 %","%"
NA,"12425225",NA,NA,NA,NA,"c group",NA,"83 %","%"
NA,"12482221",NA,NA,NA,NA,"bpd found almost general population",NA,"2 %","%"
NA,"12486273",NA,NA,NA,NA,"third occipital headache",NA,"88 %","%"
NA,"12492806",NA,NA,NA,NA,"post dural puncture headache",NA,"14 %","%"
NA,"12558762",NA,NA,NA,NA,"headache",NA,"70 %","%"
NA,"12558762",NA,NA,NA,NA,"hemodialysis",NA,"70.7 %","%"
NA,"12558762",NA,NA,NA,NA,"migraine",NA,"48 %","%"
NA,"12558762",NA,NA,NA,NA,"episodic tension type headache",NA,"19 %","%"
NA,"12558762",NA,NA,NA,NA,"episodic tension type headache",NA,"8 %","%"
NA,"12558762",NA,NA,NA,NA,"arterial hypertension",NA,"25.4 %","%"
NA,"12558762",NA,NA,NA,NA,"fifty",NA,"57.5 %","%"
NA,"12558762",NA,NA,NA,NA,"dramatic improvement headaches",NA,"27.6 %","%"
NA,"12583837",NA,NA,NA,NA,"migraine",NA,"8.4 %to 12.7 %","%"
NA,"12583837",NA,NA,NA,NA,"the sex specific migraine prevalence",NA,"11.3 %to 14.4 %","%"
NA,"12583837",NA,NA,NA,NA,"migraine prevalence",NA,"14.4 %","%"
NA,"12583837",NA,NA,NA,NA,"migraine prevalence",NA,"3.6 %to 6.7 %","%"
NA,"12583837",NA,NA,NA,NA,"men",NA,"6.7 %","%"
NA,"12583837",NA,NA,NA,NA,"ihs tension type headache",NA,"15.6 %to 25.7 %","%"
NA,"12583837",NA,NA,NA,NA,"ihs tension type headache",NA,"25.7 %","%"
NA,"12583837",NA,NA,NA,NA,"western countries",NA,"3.2 %to 3.9 %","%"
NA,"12583837",NA,NA,NA,NA,"western countries",NA,"3.9 %","%"
NA,"12583837",NA,NA,NA,NA,"western countries",NA,"3.0 %to 4.7 %","%"
NA,"12583837",NA,NA,NA,NA,"western countries",NA,"4.7 %","%"
NA,"12603366",NA,NA,NA,NA,"headache",NA,"88.9 %","%"
NA,"12603366",NA,NA,NA,NA,"migraine without aura",NA,"11.1 %","%"
NA,"12628057",NA,NA,NA,NA,"less  population",NA,"1 %","%"
NA,"12656701",NA,NA,NA,NA,"migraine headache",NA,"33.7 %","%"
NA,"12656709",NA,NA,NA,NA,"frovatriptan",NA,"17 %","%"
NA,"12656709",NA,NA,NA,NA,"rizatriptan",NA,"40 %","%"
NA,"12785281",NA,NA,NA,NA,"emergency room visit",NA,"6 %","%"
NA,"12793558",NA,NA,NA,NA,"spinal headache",NA,"8.9 %","%"
NA,"12793558",NA,NA,NA,NA,"spinal headache",NA,"14.4 %","%"
NA,"12793558",NA,NA,NA,NA,"women",NA,"18.7 %","%"
NA,"1416009",NA,NA,NA,NA,"post operative headache",NA,"57 %","%"
NA,"1416009",NA,NA,NA,NA,"moderate severe postdural puncture headache",NA,"25 %","%"
NA,"1416009",NA,NA,NA,NA,"headache",NA,"21 %","%"
NA,"1416009",NA,NA,NA,NA,"postdural puncture headache",NA,"11 %","%"
NA,"1416009",NA,NA,NA,NA,"moderate severe postdural puncture headache",NA,"4 %","%"
NA,"1419942",NA,NA,NA,NA,"post dural puncture backache",NA,"18.0 %","%"
NA,"1419942",NA,NA,NA,NA,"post dural puncture headache",NA,"8.2 %","%"
NA,"1419942",NA,NA,NA,NA,"non postural headache",NA,"6.7 %","%"
NA,"1419942",NA,NA,NA,NA,"post dural puncture headache",NA,"17.9 %","%"
NA,"1419942",NA,NA,NA,NA,"post dural puncture headache",NA,"4.5 %","%"
NA,"1419942",NA,NA,NA,NA,"post dural puncture headache",NA,"2.4 %","%"
NA,"14604504",NA,NA,NA,NA,"general population",NA,"78 %","%"
NA,"14604504",NA,NA,NA,NA,"chronic form tension type headache",NA,"3 %","%"
NA,"14687009",NA,NA,NA,NA,"migraine like pih",NA,"26 %","%"
NA,"14732838",NA,NA,NA,NA,"about patients chronic symptoms",NA,"10 %","%"
NA,"14980334",NA,NA,NA,NA,"pain",NA,"83.3 %","%"
NA,"14980334",NA,NA,NA,NA,"pain",NA,"72.3 %","%"
NA,"14980334",NA,NA,NA,NA,"pain",NA,"50 %","%"
NA,"14980334",NA,NA,NA,NA,"headache intensity sd",NA,"79.1 %","%"
NA,"15025611",NA,NA,NA,NA,"postoperative headache",NA,"20.0 %","%"
NA,"15025611",NA,NA,NA,NA,"true pdph",NA,"1.51 %","%"
NA,"15025611",NA,NA,NA,NA,"pdph",NA,"2.70 %","%"
NA,"15025611",NA,NA,NA,NA,"pdph",NA,"0.37 %","%"
NA,"15025611",NA,NA,NA,NA,"non dural puncture headache",NA,"18.5 %","%"
NA,"15030537",NA,NA,NA,NA,"dh",NA,"48 %","%"
NA,"15047589",NA,NA,NA,NA,"headache",NA,"57.1 %","%"
NA,"15047589",NA,NA,NA,NA,"migraine",NA,"31.7 %","%"
NA,"15047589",NA,NA,NA,NA,"tension type headache",NA,"23.5 %","%"
NA,"15067529",NA,NA,NA,NA,"approximately persons afflicted tension headache seek medical help",NA,"20 %","%"
NA,"15079013",NA,NA,NA,NA,"extended headache",NA,"60 %","%"
NA,"15079013",NA,NA,NA,NA,"unilateral pain",NA,"70 %","%"
NA,"15079013",NA,NA,NA,NA,"pain night",NA,"55 %","%"
NA,"15079013",NA,NA,NA,NA,"concurrent headaches",NA,"62 %","%"
NA,"15079013",NA,NA,NA,NA,"corticosteroids",NA,"95 %","%"
NA,"15079013",NA,NA,NA,NA,"relapses",NA,"45 %","%"
NA,"1510258",NA,NA,NA,NA,"pdph",NA,"2 %","%"
NA,"1510258",NA,NA,NA,NA,"pdph",NA,"3.5 %","%"
NA,"1510258",NA,NA,NA,NA,"headache",NA,"0.7 %","%"
NA,"15108829",NA,NA,NA,NA,"at",NA,"3.9 %","%"
NA,"15108829",NA,NA,NA,NA,"wh",NA,"4.0 %","%"
NA,"15108829",NA,NA,NA,NA,"wh",NA,"62 %","%"
NA,"1513939",NA,NA,NA,NA,"bupivacaine",NA,"0.75 %","%"
NA,"1513939",NA,NA,NA,NA,"glucose",NA,"50 %","%"
NA,"1513939",NA,NA,NA,NA,"group",NA,"0.66 %","%"
NA,"1513939",NA,NA,NA,NA,"group",NA,"5 %","%"
NA,"1513939",NA,NA,NA,NA,"women",NA,"4.05 %","%"
NA,"1513939",NA,NA,NA,NA,"men",NA,"2.15 %","%"
NA,"15159466",NA,NA,NA,NA,"headache",NA,"30 %","%"
NA,"15159466",NA,NA,NA,NA,"auc",NA,"34 %","%"
NA,"1519474",NA,NA,NA,NA,"post puncture headache",NA,"4 %","%"
NA,"15209972",NA,NA,NA,NA,"headache frequency",NA,"50 %","%"
NA,"15322884",NA,NA,NA,NA,"relapse",NA,"30 %","%"
NA,"15377169",NA,NA,NA,NA,"cervicogenic headache",NA,"0.7 %to 13.8 %","%"
NA,"15478785",NA,NA,NA,NA,"medication usage",NA,"44 %","%"
NA,"15478785",NA,NA,NA,NA,"medication usage",NA,"19 %","%"
NA,"15549542",NA,NA,NA,NA,"headache",NA,"8 %to 60 %","%"
NA,"15549542",NA,NA,NA,NA,"migraineurs",NA,"40 %","%"
NA,"15564951",NA,NA,NA,NA,"postdural puncture headache",NA,"80 %","%"
NA,"15564951",NA,NA,NA,NA,"postdural puncture headache",NA,"56 %","%"
NA,"15613165",NA,NA,NA,NA,"headache",NA,"4.1 %","%"
NA,"15613165",NA,NA,NA,NA,"female",NA,"5.0 %","%"
NA,"15613165",NA,NA,NA,NA,"male",NA,"2.8 %","%"
NA,"15613165",NA,NA,NA,NA,"female",NA,"33 %","%"
NA,"15613165",NA,NA,NA,NA,"caucasians",NA,"4.4 %","%"
NA,"15613165",NA,NA,NA,NA,"african americans",NA,"3.3 %","%"
NA,"15613165",NA,NA,NA,NA,"female",NA,"52 %","%"
NA,"15613165",NA,NA,NA,NA,"male",NA,"56 %","%"
NA,"15613165",NA,NA,NA,NA,"headache",NA,"25 %","%"
NA,"15613165",NA,NA,NA,NA,"female",NA,"15 %","%"
NA,"15613165",NA,NA,NA,NA,"male",NA,"19 %","%"
NA,"15613165",NA,NA,NA,NA,"female",NA,"30 %","%"
NA,"15625025",NA,NA,NA,NA,"chronic migraine",NA,"20 %","%"
NA,"15625026",NA,NA,NA,NA,"chronic daily headache",NA,"5 %","%"
NA,"15651299",NA,NA,NA,NA,"less japanese",NA,"6.6 %","%"
NA,"15651299",NA,NA,NA,NA,"patients affected site switches",NA,"16.4 %","%"
NA,"15651299",NA,NA,NA,NA,"cluster headache may inherited  cases",NA,"5 %","%"
NA,"15651299",NA,NA,NA,NA,"attacks occur night",NA,"60.7 %","%"
NA,"15651299",NA,NA,NA,NA,"restless agitated",NA,"64.8 %","%"
NA,"15651299",NA,NA,NA,NA,"migraine",NA,"66.0 %","%"
NA,"15658946",NA,NA,NA,NA,"headache frequency",NA,"25 %","%"
NA,"1570886",NA,NA,NA,NA,"bupivacaine",NA,"0.5 %","%"
NA,"1570886",NA,NA,NA,NA,"bupivacaine glucose",NA,"5 %","%"
NA,"1570886",NA,NA,NA,NA,"post spinal headaches",NA,"10.4 %","%"
NA,"1570886",NA,NA,NA,NA,"post spinal headaches",NA,"8.8 %","%"
NA,"1570886",NA,NA,NA,NA,"paramedian",NA,"12 %","%"
NA,"1570887",NA,NA,NA,NA,"bupivacaine",NA,"0.5 %","%"
NA,"1570887",NA,NA,NA,NA,"urinary retention",NA,"2.5 %","%"
NA,"1570887",NA,NA,NA,NA,"bradycardia",NA,"11.9 %","%"
NA,"1570887",NA,NA,NA,NA,"pdph",NA,"3.5 %","%"
NA,"1570887",NA,NA,NA,NA,"tension headaches",NA,"1.5 %","%"
NA,"1570887",NA,NA,NA,NA,"pdphs",NA,"12.4 %","%"
NA,"1570887",NA,NA,NA,NA,"spa",NA,"98.5 %","%"
NA,"15712167",NA,NA,NA,NA,"chronic daily headache",NA,"5 %","%"
NA,"15712167",NA,NA,NA,NA,"cdh",NA,"3 %","%"
NA,"15712167",NA,NA,NA,NA,"hemicrania continua",NA,"90 %","%"
NA,"15712167",NA,NA,NA,NA,"chronic migraine",NA,"87.4 %","%"
NA,"15712167",NA,NA,NA,NA,"chronic tension type headache",NA,"28.8 %","%"
NA,"15712167",NA,NA,NA,NA,"new daily persistent headache",NA,"20 %","%"
NA,"15722381",NA,NA,NA,NA,"pdph",NA,"78 %","%"
NA,"15743544",NA,NA,NA,NA,"pain freedom",NA,"75 %","%"
NA,"15773826",NA,NA,NA,NA,"complete headache remission",NA,"23 %","%"
NA,"15773827",NA,NA,NA,NA,"eligible ones",NA,"88.6 %","%"
NA,"15773827",NA,NA,NA,NA,"jabs",NA,"0.5 %","%"
NA,"15773827",NA,NA,NA,NA,"two nontrauma cases",NA,"0.65 %","%"
NA,"15836565",NA,NA,NA,NA,"frequency headache days",NA,"50 %","%"
NA,"15836565",NA,NA,NA,NA,"female",NA,"84.5 %","%"
NA,"15836565",NA,NA,NA,NA,"placebo nonresponders",NA,"79 %","%"
NA,"15836565",NA,NA,NA,NA,"placebo responders",NA,"21 %","%"
NA,"15836565",NA,NA,NA,NA,"greater frequency headache days",NA,"15.0 %","%"
NA,"15836565",NA,NA,NA,NA,"frequency headache days",NA,"2.3 %","%"
NA,"15836567",NA,NA,NA,NA,"concomitant prophylactic headache medication",NA,"64 %","%"
NA,"15836567",NA,NA,NA,NA,"least least baseline headache frequency",NA,"30 %","%"
NA,"15858096",NA,NA,NA,NA,"clinically important abnormality",NA,"55.2 %","%"
NA,"15858096",NA,NA,NA,NA,"clinically important abnormality",NA,"44.1 %","%"
NA,"15858096",NA,NA,NA,NA,"clinically important abnormality",NA,"0.7 %","%"
NA,"15858096",NA,NA,NA,NA,"clinically important results",NA,"2.1 %","%"
NA,"15858096",NA,NA,NA,NA,"clinically important results",NA,"3.4 %","%"
NA,"15858096",NA,NA,NA,NA,"clinically important abnormality",NA,"0.68 %","%"
NA,"15858096",NA,NA,NA,NA,"clinically important infarctions",NA,"26.3 %","%"
NA,"15955042",NA,NA,NA,NA,"sc patients",NA,"21.8 %","%"
NA,"15955042",NA,NA,NA,NA,"controls",NA,"8.1 %","%"
NA,"15955042",NA,NA,NA,NA,"rf",NA,"18.2 %","%"
NA,"1599892",NA,NA,NA,NA,"bupivacaine",NA,"0.75 %","%"
NA,"1599892",NA,NA,NA,NA,"dextrose",NA,"8.25 %","%"
NA,"16027027",NA,NA,NA,NA,"sensitivity",NA,"80 %","%"
NA,"16146477",NA,NA,NA,NA,"atraucan",NA,"80 %","%"
NA,"16146477",NA,NA,NA,NA,"whitacre",NA,"81 %","%"
NA,"16146477",NA,NA,NA,NA,"fifteen",NA,"10 %","%"
NA,"16146477",NA,NA,NA,NA,"paraesthesia",NA,"2 %","%"
NA,"16146477",NA,NA,NA,NA,"sa",NA,"96 %","%"
NA,"16146477",NA,NA,NA,NA,"supplemental analgesia",NA,"3 %","%"
NA,"16146477",NA,NA,NA,NA,"headache",NA,"15 %","%"
NA,"16146477",NA,NA,NA,NA,"headache  classified post dural puncture headache",NA,"5 %","%"
NA,"16146477",NA,NA,NA,NA,"headache",NA,"4 %","%"
NA,"16146477",NA,NA,NA,NA,"whitacre group",NA,"7 %","%"
NA,"16157063",NA,NA,NA,NA,"pediatric headache",NA,"75 %","%"
NA,"16157063",NA,NA,NA,NA,"children",NA,"10.6 %","%"
NA,"16157063",NA,NA,NA,NA,"adolescents",NA,"28 %","%"
NA,"16162254",NA,NA,NA,NA,"pain relief",NA,"50 %","%"
NA,"16172700",NA,NA,NA,NA,"fluoxetine",NA,"78 %","%"
NA,"16172700",NA,NA,NA,NA,"group ii",NA,"45 %","%"
NA,"16172700",NA,NA,NA,NA,"gastrointestinal adverse effects",NA,"29 %","%"
NA,"16178492",NA,NA,NA,NA,"placebo",NA,"3.8 %","%"
NA,"16178946",NA,NA,NA,NA,"etth",NA,"40 %","%"
NA,"16218379",NA,NA,NA,NA,"headache",NA,"93 %","%"
NA,"16218379",NA,NA,NA,NA,"women",NA,"99 %","%"
NA,"16282044",NA,NA,NA,NA,"chronic daily headache cdh appears",NA,"2 %","%"
NA,"16282044",NA,NA,NA,NA,"chronic daily headache cdh",NA,"4 %","%"
NA,"16282044",NA,NA,NA,NA,"moh",NA,"50 %","%"
NA,"16282045",NA,NA,NA,NA,"population surveys",NA,"15 %to 75 %","%"
NA,"16282045",NA,NA,NA,NA,"episodic tth",NA,"30 %to 40 %","%"
NA,"16282045",NA,NA,NA,NA,"prevalence age years",NA,"25 %to 35 %","%"
NA,"16298069",NA,NA,NA,NA,"pmoh",NA,"48 %","%"
NA,"16298069",NA,NA,NA,NA,"pmoh",NA,"68 %","%"
NA,"16298069",NA,NA,NA,NA,"pmoh",NA,"20 %","%"
NA,"16370955",NA,NA,NA,NA,"medication overuse headache",NA,"1 %","%"
NA,"16392219",NA,NA,NA,NA,"ischemic",NA,"80 %","%"
NA,"16392219",NA,NA,NA,NA,"pfo",NA,"20 %","%"
NA,"16392219",NA,NA,NA,NA,"pfo",NA,"40 %to 50 %","%"
NA,"16392219",NA,NA,NA,NA,"pfo",NA,"50 %","%"
NA,"16492611",NA,NA,NA,NA,"hypertensive",NA,"93.5 %","%"
NA,"16492611",NA,NA,NA,NA,"treated",NA,"6.5 %","%"
NA,"16556246",NA,NA,NA,NA,"women",NA,"79.5 %","%"
NA,"16556246",NA,NA,NA,NA,"normal weight",NA,"40.9 %","%"
NA,"16556246",NA,NA,NA,NA,"overweight",NA,"29.5 %","%"
NA,"16556246",NA,NA,NA,NA,"obese",NA,"27.3 %","%"
NA,"16643310",NA,NA,NA,NA,"headache",NA,"51 %","%"
NA,"16643310",NA,NA,NA,NA,"headache",NA,"14 %","%"
NA,"16643310",NA,NA,NA,NA,"chronic headache",NA,"4 %","%"
NA,"16686906",NA,NA,NA,NA,"severe headaches",NA,"50 %","%"
NA,"16686906",NA,NA,NA,NA,"migraine without aura",NA,"35.7 %","%"
NA,"16688620",NA,NA,NA,NA,"men",NA,"2 %","%"
NA,"16688620",NA,NA,NA,NA,"men",NA,"4 %","%"
NA,"16707727",NA,NA,NA,NA,"patients improved",NA,"45 %","%"
NA,"16707727",NA,NA,NA,NA,"change",NA,"48 %","%"
NA,"16707727",NA,NA,NA,NA,"headaches",NA,"7 %","%"
NA,"16707727",NA,NA,NA,NA,"migraine",NA,"67 %","%"
NA,"16707727",NA,NA,NA,NA,"tension type headache",NA,"0 %","%"
NA,"16707727",NA,NA,NA,NA,"migraine tth",NA,"37 %","%"
NA,"16735806",NA,NA,NA,NA,"accidental dural puncture",NA,"50 %","%"
NA,"16738291",NA,NA,NA,NA,"tuohy",NA,"1.8 %","%"
NA,"16738291",NA,NA,NA,NA,"sprotte",NA,"3.4 %","%"
NA,"16738291",NA,NA,NA,NA,"tuohy",NA,"20 %","%"
NA,"16738291",NA,NA,NA,NA,"sprotte",NA,"55 %","%"
NA,"16738291",NA,NA,NA,NA,"+ tuohy",NA,"17.3 %","%"
NA,"16738291",NA,NA,NA,NA,"+ sprotte",NA,"25.3 %","%"
NA,"16788299",NA,NA,NA,NA,"regular dose",NA,"38.8 %","%"
NA,"16788299",NA,NA,NA,NA,"patients dropped",NA,"55.6 %","%"
NA,"16788299",NA,NA,NA,NA,"regular dose",NA,"53.3 %","%"
NA,"16817505",NA,NA,NA,NA,"therapeutic success",NA,"50 %","%"
NA,"16832241",NA,NA,NA,NA,"pdph",NA,"25.8 %","%"
NA,"16850682",NA,NA,NA,NA,"ambulation",NA,"49.2 %","%"
NA,"16850682",NA,NA,NA,NA,"hours",NA,"18.2 %","%"
NA,"16850682",NA,NA,NA,NA,"ambulation",NA,"15.6 %","%"
NA,"16870078",NA,NA,NA,NA,"migraine without aura migraine aura",NA,"84 %","%"
NA,"16870078",NA,NA,NA,NA,"migraine",NA,"65 %","%"
NA,"16870083",NA,NA,NA,NA,"subjects",NA,"50 %","%"
NA,"16886935",NA,NA,NA,NA,"loss follow",NA,"3.7 %","%"
NA,"16961787",NA,NA,NA,NA,"headache frequency",NA,"73 %","%"
NA,"17057418",NA,NA,NA,NA,"responders",NA,"44 %","%"
NA,"17057418",NA,NA,NA,NA,"responders",NA,"68 %","%"
NA,"17066105",NA,NA,NA,NA,"group",NA,"6.0 %","%"
NA,"17069972",NA,NA,NA,NA,"headache",NA,"92 %","%"
NA,"17069972",NA,NA,NA,NA,"headache",NA,"74 %","%"
NA,"17069972",NA,NA,NA,NA,"ocular headache",NA,"13 %","%"
NA,"17073214",NA,NA,NA,NA,"tth",NA,"38.3 %","%"
NA,"17073214",NA,NA,NA,NA,"women",NA,"46,9 %","%"
NA,"17073214",NA,NA,NA,NA,"women",NA,"42.3 %","%"
NA,"17073214",NA,NA,NA,NA,"depression",NA,"32 %","%"
NA,"17073214",NA,NA,NA,NA,"depression",NA,"40 %","%"
NA,"17073214",NA,NA,NA,NA,"area under headache curve calculated product period intensity",NA,"34 %","%"
NA,"17099089",NA,NA,NA,NA,"headache",NA,"32 %","%"
NA,"17115988",NA,NA,NA,NA,"general population",NA,"5 %","%"
NA,"17131796",NA,NA,NA,NA,"headache",NA,"70 %","%"
NA,"17209488",NA,NA,NA,NA,"dexamethasone headache recurrence",NA,"9.7 %","%"
NA,"17209488",NA,NA,NA,NA,"placebo",NA,"58.3 %","%"
NA,"17209488",NA,NA,NA,NA,"four dexamethasone",NA,"12.9 %","%"
NA,"17209488",NA,NA,NA,NA,"placebo",NA,"33.3 %","%"
NA,"17277688",NA,NA,NA,NA,"brainstem",NA,"50 %","%"
NA,"17277688",NA,NA,NA,NA,"fair",NA,"25 %","%"
NA,"17309715",NA,NA,NA,NA,"vas tpi approximately baseline",NA,"50 %","%"
NA,"17319401",NA,NA,NA,NA,"headache",NA,"90 %","%"
NA,"17362835",NA,NA,NA,NA,"attack frequency",NA,"90 %","%"
NA,"17362835",NA,NA,NA,NA,"attack frequency",NA,"40 %","%"
NA,"17362835",NA,NA,NA,NA,"attacks",NA,"50 %","%"
NA,"17372580",NA,NA,NA,NA,"eradication",NA,"28 %","%"
NA,"17381554",NA,NA,NA,NA,"headache general",NA,"46 %","%"
NA,"17381554",NA,NA,NA,NA,"migraine",NA,"11 %","%"
NA,"17381554",NA,NA,NA,NA,"tension type headache",NA,"42 %","%"
NA,"17381554",NA,NA,NA,NA,"chronic daily headache",NA,"3 %","%"
NA,"17449944",NA,NA,NA,NA,"diagnosticprognostic blocks",NA,"50 %","%"
NA,"17497260",NA,NA,NA,NA,"female preponderance",NA,"93 %","%"
NA,"17631795",NA,NA,NA,NA,"manipulation treatment",NA,"94.5 %","%"
NA,"17631795",NA,NA,NA,NA,"tens treatment",NA,"64.5 %","%"
NA,"17690017",NA,NA,NA,NA,"treated participants",NA,"50 %","%"
NA,"17768454",NA,NA,NA,NA,"school age children",NA,"90 %","%"
NA,"17868013",NA,NA,NA,NA,"medication overuse headache",NA,"1 %","%"
NA,"17868356",NA,NA,NA,NA,"cm",NA,"50 %","%"
NA,"17868356",NA,NA,NA,NA,"responders",NA,"76.1 %","%"
NA,"17868356",NA,NA,NA,NA,"unilateral",NA,"68.5 %","%"
NA,"17868356",NA,NA,NA,NA,"bilateral",NA,"31.5 %","%"
NA,"17868356",NA,NA,NA,NA,"cm nonresponders",NA,"23.9 %","%"
NA,"17868356",NA,NA,NA,NA,"bilateral headache",NA,"76.5 %","%"
NA,"17868356",NA,NA,NA,NA,"cm nonresponders",NA,"23.5 %","%"
NA,"17868356",NA,NA,NA,NA,"cm responders",NA,"81.5 %","%"
NA,"17868356",NA,NA,NA,NA,"pericranial muscle tenderness",NA,"61.1 %","%"
NA,"17868356",NA,NA,NA,NA,"scalp allodynia",NA,"11.8 %","%"
NA,"17868356",NA,NA,NA,NA,"cm nonresponders",NA,"17.6 %","%"
NA,"17868356",NA,NA,NA,NA,"cm",NA,"36.4 %","%"
NA,"17888081",NA,NA,NA,NA,"medication overuse headache",NA,"57.1 %","%"
NA,"17888081",NA,NA,NA,NA,"eight",NA,"3.3 %","%"
NA,"17888081",NA,NA,NA,NA,"relapsed",NA,"39.6 %","%"
NA,"17916877",NA,NA,NA,NA,"sig",NA,"51.7 %","%"
NA,"17916877",NA,NA,NA,NA,"big",NA,"48.3 %","%"
NA,"17916877",NA,NA,NA,NA,"big group",NA,"29.3 %","%"
NA,"17916877",NA,NA,NA,NA,"sig group",NA,"6.5 %","%"
NA,"17918102",NA,NA,NA,NA,"mean frequency headache crises",NA,"50 %","%"
NA,"17918102",NA,NA,NA,NA,"number days headache per month least",NA,"92.8 %","%"
NA,"17948210",NA,NA,NA,NA,"females",NA,"88 %","%"
NA,"17948210",NA,NA,NA,NA,"respondents",NA,"72 %","%"
NA,"17948210",NA,NA,NA,NA,"medication abuse",NA,"14 %","%"
NA,"17948210",NA,NA,NA,NA,"side effects",NA,"58 %","%"
NA,"17948210",NA,NA,NA,NA,"dropout rate",NA,"24 %","%"
NA,"17953286",NA,NA,NA,NA,"europe",NA,"51 %","%"
NA,"17953286",NA,NA,NA,NA,"migraine",NA,"14 %","%"
NA,"17953286",NA,NA,NA,NA,"adult population affected chronic forms",NA,"4 %","%"
NA,"17955170",NA,NA,NA,NA,"ctth persisted",NA,"7 %","%"
NA,"17965148",NA,NA,NA,NA,"gabapentin",NA,"43.1 %","%"
NA,"17965148",NA,NA,NA,NA,"placebo",NA,"54.9 %","%"
NA,"17965148",NA,NA,NA,NA,"gabapentin group",NA,"26.5 %","%"
NA,"17965148",NA,NA,NA,NA,"placebo",NA,"41.2 %","%"
NA,"18184281",NA,NA,NA,NA,"adult population",NA,"4 %","%"
NA,"18184281",NA,NA,NA,NA,"children",NA,"1 %","%"
NA,"18184281",NA,NA,NA,NA,"children",NA,"2 %","%"
NA,"18228047",NA,NA,NA,NA,"women",NA,"10 %","%"
NA,"18228047",NA,NA,NA,NA,"men",NA,"5 %","%"
NA,"18316488",NA,NA,NA,NA,"migraine aura",NA,"80 %","%"
NA,"18316488",NA,NA,NA,NA,"right left shunts",NA,"38 %","%"
NA,"18318746",NA,NA,NA,NA,"responder rate",NA,"50 %","%"
NA,"1837469",NA,NA,NA,NA,"postdural puncture headache",NA,"4 %","%"
NA,"1837469",NA,NA,NA,NA,"postdural puncture headache",NA,"2 %","%"
NA,"1837469",NA,NA,NA,NA,"patient acceptance",NA,"98 %","%"
NA,"18379485",NA,NA,NA,NA,"headache",NA,"89 %","%"
NA,"18387702",NA,NA,NA,NA,"migraine patients",NA,"31 %","%"
NA,"18387702",NA,NA,NA,NA,"tension type headache",NA,"19 %","%"
NA,"18387702",NA,NA,NA,NA,"unclassifiable headache",NA,"27 %","%"
NA,"18387702",NA,NA,NA,NA,"migraine",NA,"37 %","%"
NA,"18387702",NA,NA,NA,NA,"unclassifiable headache",NA,"26 %","%"
NA,"18547293",NA,NA,NA,NA,"saline",NA,"48 %","%"
NA,"18646121",NA,NA,NA,NA,"population",NA,"0.2 %","%"
NA,"18651939",NA,NA,NA,NA,"the disease familial",NA,"10 %","%"
NA,"18710078",NA,NA,NA,NA,"tension type headache",NA,"38 %","%"
NA,"18727648",NA,NA,NA,NA,"relapse",NA,"20.5 %","%"
NA,"18789357",NA,NA,NA,NA,"migraine",NA,"10 %","%"
NA,"18976336",NA,NA,NA,NA,"absolute",NA,"9.7 %","%"
NA,"19001531",NA,NA,NA,NA,"pharmacies",NA,"26 %","%"
NA,"19001531",NA,NA,NA,NA,"recommend pharmaceutical care patients headache",NA,"90 %","%"
NA,"19012490",NA,NA,NA,NA,"pituitary microadenomas",NA,"56 %","%"
NA,"19109043",NA,NA,NA,NA,"adults",NA,"0.1 %","%"
NA,"19160338",NA,NA,NA,NA,"headache frequency",NA,"50 %","%"
NA,"19178577",NA,NA,NA,NA,"bt a",NA,"62.5 %","%"
NA,"19178577",NA,NA,NA,NA,"placebo",NA,"30 %","%"
NA,"19220310",NA,NA,NA,NA,"relapse rate much group b patients",NA,"15.3 %","%"
NA,"19220310",NA,NA,NA,NA,"relapse",NA,"23 %","%"
NA,"19244630",NA,NA,NA,NA,"moderate severe pain",NA,"87.5 %","%"
NA,"19244630",NA,NA,NA,NA,"olanzapine",NA,"86.4 %","%"
NA,"19339283",NA,NA,NA,NA,"headache frequency",NA,"67.7 %","%"
NA,"19339283",NA,NA,NA,NA,"intensity",NA,"74.3 %","%"
NA,"19339283",NA,NA,NA,NA,"duration",NA,"77.3 %","%"
NA,"19344670",NA,NA,NA,NA,"responders",NA,"67 %","%"
NA,"19344670",NA,NA,NA,NA,"non responders",NA,"33 %","%"
NA,"19344670",NA,NA,NA,NA,"non responders",NA,"34 %","%"
NA,"19344670",NA,NA,NA,NA,"questionable responders",NA,"66 %","%"
NA,"19344670",NA,NA,NA,NA,"pressure inside head",NA,"83 %","%"
NA,"19344670",NA,NA,NA,NA,"questionable responders",NA,"64 %","%"
NA,"19398381",NA,NA,NA,NA,"responder rate",NA,"50 %","%"
NA,"19398381",NA,NA,NA,NA,"drug consumption",NA,"68.2 %","%"
NA,"19472440",NA,NA,NA,NA,"pain relief",NA,"50 %","%"
NA,"19472440",NA,NA,NA,NA,"good good pain",NA,"86 %","%"
NA,"19472450",NA,NA,NA,NA,"disorder homeostasis",NA,"22 %","%"
NA,"19473281",NA,NA,NA,NA,"responder",NA,"50 %","%"
NA,"19521087",NA,NA,NA,NA,"men",NA,"63 %","%"
NA,"19521087",NA,NA,NA,NA,"headache",NA,"40.2 %","%"
NA,"19521087",NA,NA,NA,NA,"headache",NA,"21.3 %","%"
NA,"19543115",NA,NA,NA,NA,"headache",NA,"5 %","%"
NA,"19543115",NA,NA,NA,NA,"general population",NA,"0.6 %","%"
NA,"19549156",NA,NA,NA,NA,"females",NA,"78.5 %","%"
NA,"19549156",NA,NA,NA,NA,"white",NA,"95.4 %","%"
NA,"19549156",NA,NA,NA,NA,"chronic migraine cm",NA,"66 %","%"
NA,"19549156",NA,NA,NA,NA,"severe disability",NA,"75 %","%"
NA,"19549156",NA,NA,NA,NA,"prophylactic ha treatment failure",NA,"90 %","%"
NA,"19549156",NA,NA,NA,NA,"severe grade iv disability",NA,"80 %","%"
NA,"19610505",NA,NA,NA,NA,"hyperbaric bupivacaine",NA,"0.75 %","%"
NA,"19610505",NA,NA,NA,NA,"pdph",NA,"8.3 %","%"
NA,"19782343",NA,NA,NA,NA,"headache frequency",NA,"50 %","%"
NA,"19782343",NA,NA,NA,NA,"cbt",NA,"63 %","%"
NA,"19782343",NA,NA,NA,NA,"cbt",NA,"32 %","%"
NA,"19782343",NA,NA,NA,NA,"edu",NA,"19 %","%"
NA,"19782343",NA,NA,NA,NA,"nnts",NA,"56 %","%"
NA,"19782343",NA,NA,NA,NA,"nnts",NA,"55 %","%"
NA,"19888502",NA,NA,NA,NA,"bd patients",NA,"92,8 %","%"
NA,"19936616",NA,NA,NA,NA,"refractory",NA,"50 %","%"
NA,"19949829",NA,NA,NA,NA,"saudi arabia",NA,"12 %","%"
NA,"19949829",NA,NA,NA,NA,"qatar",NA,"72.5 %","%"
NA,"19949829",NA,NA,NA,NA,"oman",NA,"83.6 %","%"
NA,"19949829",NA,NA,NA,NA,"tension headache",NA,"11.2 %","%"
NA,"19949829",NA,NA,NA,NA,"migraine",NA,"7.9 %","%"
NA,"19949829",NA,NA,NA,NA,"migraine",NA,"10.1 %","%"
NA,"20028727",NA,NA,NA,NA,"low bias",NA,"34.1 %","%"
NA,"20039959",NA,NA,NA,NA,"post fast questionnaire",NA,"92 %","%"
NA,"20039959",NA,NA,NA,NA,"placebo",NA,"67.7 %","%"
NA,"20055254",NA,NA,NA,NA,"headache frequency",NA,"44.94 %","%"
NA,"20055254",NA,NA,NA,NA,"headache frequency",NA,"25 %","%"
NA,"20055254",NA,NA,NA,NA,"non responders",NA,"14.28 %","%"
NA,"20148254",NA,NA,NA,NA,"post dural puncture headache",NA,"1 %","%"
NA,"20237130",NA,NA,NA,NA,"responders",NA,"50 %","%"
NA,"20298963",NA,NA,NA,NA,"moh",NA,"0.7 %to 1.7 %","%"
NA,"20346716",NA,NA,NA,NA,"disability",NA,"25 %","%"
NA,"20346716",NA,NA,NA,NA,"disability",NA,"81.2 %","%"
NA,"20346716",NA,NA,NA,NA,"severely disabled",NA,"1.4 %","%"
NA,"20370785",NA,NA,NA,NA,"sah",NA,"15 %","%"
NA,"20370785",NA,NA,NA,NA,"ct sensitivity sah",NA,"91 %","%"
NA,"20370785",NA,NA,NA,NA,"aneurysmal sah",NA,"99.43 %","%"
NA,"20370785",NA,NA,NA,NA,"missed aneurysmal sah",NA,"1 %","%"
NA,"20425206",NA,NA,NA,NA,"chronic cluster headache",NA,"10 %to 15 %","%"
NA,"20473701",NA,NA,NA,NA,"men",NA,"22 %","%"
NA,"20473701",NA,NA,NA,NA,"relapse rate",NA,"26 %","%"
NA,"20473701",NA,NA,NA,NA,"responder rate",NA,"28 %","%"
NA,"20473702",NA,NA,NA,NA,"adults",NA,"50 %","%"
NA,"20473702",NA,NA,NA,NA,"tension type headache",NA,"60 %","%"
NA,"20473702",NA,NA,NA,NA,"migraine",NA,"15 %","%"
NA,"20473702",NA,NA,NA,NA,"chronic headache",NA,"4 %","%"
NA,"20490742",NA,NA,NA,NA,"headache",NA,"4.1 %","%"
NA,"20514531",NA,NA,NA,NA,"headache",NA,"50 %","%"
NA,"20569084",NA,NA,NA,NA,"cluster headache",NA,"0.1 %","%"
NA,"20572880",NA,NA,NA,NA,"psychiatric comorbidity",NA,"42.9 %","%"
NA,"20572880",NA,NA,NA,NA,"episodic headache",NA,"26.5 %","%"
NA,"20613476",NA,NA,NA,NA,"pdph",NA,"33 %","%"
NA,"20647241",NA,NA,NA,NA,"mt",NA,"95 %","%"
NA,"20652572",NA,NA,NA,NA,"pdph",NA,"4.1 %","%"
NA,"20652572",NA,NA,NA,NA,"q",NA,"6.6 %","%"
NA,"20652572",NA,NA,NA,NA,"q",NA,"1.7 %","%"
NA,"20832701",NA,NA,NA,NA,"ibuprofen",NA,"27.5 %","%"
NA,"20832701",NA,NA,NA,NA,"placebo",NA,"45.3 %","%"
NA,"20832701",NA,NA,NA,NA,"ams",NA,"18.8 %","%"
NA,"20832701",NA,NA,NA,NA,"ibuprofen",NA,"13.7 %","%"
NA,"20832701",NA,NA,NA,NA,"placebo",NA,"28.6 %","%"
NA,"20832701",NA,NA,NA,NA,"acetazolamide",NA,"3.8 %","%"
NA,"20832701",NA,NA,NA,NA,"ibuprofen",NA,"4.7 %","%"
NA,"20832701",NA,NA,NA,NA,"placebo",NA,"13.5 %","%"
NA,"20974593",NA,NA,NA,NA,"vmca",NA,"28.3 %","%"
NA,"20974593",NA,NA,NA,NA,"sta",NA,"55.7 %","%"
NA,"21070231",NA,NA,NA,NA,"completed week",NA,"65 %","%"
NA,"21070231",NA,NA,NA,NA,"week",NA,"54 %","%"
NA,"21070231",NA,NA,NA,NA,"week",NA,"48 %","%"
NA,"21070231",NA,NA,NA,NA,"frequency",NA,"50 %","%"
NA,"21142584",NA,NA,NA,NA,"headache",NA,"94 %","%"
NA,"21142584",NA,NA,NA,NA,"intensity headache",NA,"56 %","%"
NA,"21142584",NA,NA,NA,NA,"headache",NA,"30 %","%"
NA,"21142584",NA,NA,NA,NA,"intensity headache",NA,"50 %","%"
NA,"21142584",NA,NA,NA,NA,"intensity headache",NA,"39 %","%"
NA,"21142584",NA,NA,NA,NA,"s",NA,"36 %","%"
NA,"21395575",NA,NA,NA,NA,"remission",NA,"50 %","%"
NA,"21395575",NA,NA,NA,NA,"remission",NA,"11.8 %","%"
NA,"21398420",NA,NA,NA,NA,"headache frequency",NA,"68 %","%"
NA,"21398420",NA,NA,NA,NA,"new worsened headaches",NA,"9 %","%"
NA,"2143882",NA,NA,NA,NA,"mm needle group incidence",NA,"25 %","%"
NA,"21461591",NA,NA,NA,NA,"auc",NA,"25 %","%"
NA,"21461896",NA,NA,NA,NA,"local anesthetic test",NA,"28.5 %","%"
NA,"21461896",NA,NA,NA,NA,"eight patients became completely free headache medications",NA,"19 %","%"
NA,"21461896",NA,NA,NA,NA,"local anesthetic test",NA,"75 %","%"
NA,"21461896",NA,NA,NA,NA,"headache severity frequency tolerated without medications",NA,"62 %","%"
NA,"21461896",NA,NA,NA,NA,"seven",NA,"16.6 %","%"
NA,"21461896",NA,NA,NA,NA,"one",NA,"2 %","%"
NA,"21461896",NA,NA,NA,NA,"negative anesthetic tests",NA,"81 %","%"
NA,"21533738",NA,NA,NA,NA,"bilateral central venous stenosis",NA,"23 %","%"
NA,"21533738",NA,NA,NA,NA,"bilateral central venous stenosis",NA,"48 %","%"
NA,"21533738",NA,NA,NA,NA,"bilateral central venous stenosis",NA,"11 %","%"
NA,"21544647",NA,NA,NA,NA,"headache frequency",NA,"50 %","%"
NA,"21544647",NA,NA,NA,NA,"relaxation therapy",NA,"61 %","%"
NA,"21544647",NA,NA,NA,NA,"aerobic endurance sports",NA,"72 %","%"
NA,"21613599",NA,NA,NA,NA,"chronic form",NA,"10 %","%"
NA,"21613599",NA,NA,NA,NA,"nocturnal pain attacks",NA,"90 %","%"
NA,"21613599",NA,NA,NA,NA,"nocturnal pain attacks",NA,"50 %","%"
NA,"21617837",NA,NA,NA,NA,"headache frequency",NA,"43 %","%"
NA,"21711255",NA,NA,NA,NA,"responders",NA,"32 %","%"
NA,"21711255",NA,NA,NA,NA,"headache frequency",NA,"50 %","%"
NA,"21711255",NA,NA,NA,NA,"persons met criteria moh",NA,"34 %","%"
NA,"21727143",NA,NA,NA,NA,"attack frequency",NA,"68 %","%"
NA,"21727143",NA,NA,NA,NA,"improvement",NA,"50 %","%"
NA,"21848948",NA,NA,NA,NA,"fast questionnaire",NA,"87 %","%"
NA,"21848948",NA,NA,NA,NA,"first ramadan headache",NA,"54 %","%"
NA,"21848948",NA,NA,NA,NA,"placebo",NA,"46 %","%"
NA,"21848948",NA,NA,NA,NA,"first ramadan headache",NA,"21 %","%"
NA,"21881477",NA,NA,NA,NA,"moh",NA,"2.5 %","%"
NA,"21908446",NA,NA,NA,NA,"time pain relief",NA,"50 %","%"
NA,"21943616",NA,NA,NA,NA,"headache frequency",NA,"59.2 %","%"
NA,"21943616",NA,NA,NA,NA,"headache frequency",NA,"54 %","%"
NA,"21943616",NA,NA,NA,NA,"headache frequency",NA,"13.3 %","%"
NA,"21945891",NA,NA,NA,NA,"phantosmias",NA,"0.66 %","%"
NA,"22068432",NA,NA,NA,NA,"medication overuse headache moh",NA,"2 %","%"
NA,"22102156",NA,NA,NA,NA,"chronic pain syndrome",NA,"1 %","%"
NA,"22116943",NA,NA,NA,NA,"attack frequency",NA,"90 %","%"
NA,"2221511",NA,NA,NA,NA,"chloropromazine",NA,"88.9 %","%"
NA,"2221511",NA,NA,NA,NA,"dihydroergotamine",NA,"52.6 %","%"
NA,"2221511",NA,NA,NA,NA,"lidocaine",NA,"29.4 %","%"
NA,"22253751",NA,NA,NA,NA,"frequency",NA,"50 %","%"
NA,"2227537",NA,NA,NA,NA,"ch",NA,"13.8 %","%"
NA,"22332207",NA,NA,NA,NA,"approximately patients",NA,"75 %","%"
NA,"22332207",NA,NA,NA,NA,"german",NA,"12.6 %","%"
NA,"22341998",NA,NA,NA,NA,"headache days",NA,"50 %","%"
NA,"22341998",NA,NA,NA,NA,"recovery",NA,"78 %","%"
NA,"22341998",NA,NA,NA,NA,"recovered",NA,"73 %","%"
NA,"22341998",NA,NA,NA,NA,"posterior probability recovery",NA,"92 %","%"
NA,"22341998",NA,NA,NA,NA,"low probability recovery",NA,"61 %","%"
NA,"22527786",NA,NA,NA,NA,"pdph",NA,"10.8 %","%"
NA,"22547100",NA,NA,NA,NA,"medication overuse",NA,"76 %","%"
NA,"22547100",NA,NA,NA,NA,"longer chronic headache",NA,"42 %","%"
NA,"2272094",NA,NA,NA,NA,"pain index",NA,"43 %","%"
NA,"22724425",NA,NA,NA,NA,"headache frequency",NA,"39.3 %","%"
NA,"22724425",NA,NA,NA,NA,"headache frequency",NA,"50 %","%"
NA,"22724425",NA,NA,NA,NA,"reverted episodic headache",NA,"60.5 %","%"
NA,"22724425",NA,NA,NA,NA,"medication use",NA,"62.8 %","%"
NA,"22751965",NA,NA,NA,NA,"group b",NA,"85.4 %","%"
NA,"22751965",NA,NA,NA,NA,"headache frequency",NA,"40.2 %","%"
NA,"22751965",NA,NA,NA,NA,"group b",NA,"38.4 %","%"
NA,"22751965",NA,NA,NA,NA,">",NA,"48.9 %","%"
NA,"22751965",NA,NA,NA,NA,"group b",NA,"48.8 %","%"
NA,"22751965",NA,NA,NA,NA,"headache frequency",NA,"50 %","%"
NA,"22751965",NA,NA,NA,NA,"prophylactics",NA,"61.9 %","%"
NA,"22751965",NA,NA,NA,NA,"programme a",NA,"84.8 %","%"
NA,"22790281",NA,NA,NA,NA,"hkeywords",NA,"44.0 %","%"
NA,"22883540",NA,NA,NA,NA,"moh",NA,"50 %","%"
NA,"22964805",NA,NA,NA,NA,"post dural puncture headache",NA,"2.5 %","%"
NA,"22964805",NA,NA,NA,NA,"control group",NA,"12.5 %","%"
NA,"23230238",NA,NA,NA,NA,"cdh",NA,"2.9 %","%"
NA,"23230238",NA,NA,NA,NA,"cdh",NA,"1.0 %","%"
NA,"23230238",NA,NA,NA,NA,"cdh",NA,"1.7 %","%"
NA,"23230238",NA,NA,NA,NA,"malaysian study",NA,"0.6 %","%"
NA,"23230238",NA,NA,NA,NA,"cdh",NA,"52 %","%"
NA,"23312009",NA,NA,NA,NA,"rhinosinusitis",NA,"42 %","%"
NA,"23312009",NA,NA,NA,NA,"nasal contact",NA,"4 %","%"
NA,"23312009",NA,NA,NA,NA,"headache",NA,"29 %","%"
NA,"23312009",NA,NA,NA,NA,"contact point",NA,"55 %","%"
NA,"23314784",NA,NA,NA,NA,"full",NA,"67.1 %","%"
NA,"23314784",NA,NA,NA,NA,"sub perception",NA,"7.4 %","%"
NA,"23314784",NA,NA,NA,NA,"sub perception",NA,"7.3 %","%"
NA,"23314784",NA,NA,NA,NA,"clinically improvement",NA,"68 %","%"
NA,"23314784",NA,NA,NA,NA,"â¥",NA,"25 %","%"
NA,"23314784",NA,NA,NA,NA,"attack frequency",NA,"50 %","%"
NA,"23314784",NA,NA,NA,NA,"attack frequency",NA,"36 %","%"
NA,"23314784",NA,NA,NA,NA,"loss sensation",NA,"81 %","%"
NA,"23314784",NA,NA,NA,NA,"events resolved within three months",NA,"65 %","%"
NA,"23364777",NA,NA,NA,NA,"lidocaine",NA,"1 %","%"
NA,"23421731",NA,NA,NA,NA,"topiramate",NA,"61 %","%"
NA,"23421731",NA,NA,NA,NA,"monthly headache frequency",NA,"50 %","%"
NA,"23695063",NA,NA,NA,NA,"tension type headache",NA,"42 %","%"
NA,"23695063",NA,NA,NA,NA,"definite tth",NA,"19.4 %","%"
NA,"23695063",NA,NA,NA,NA,"infrequent tth",NA,"9.0 %","%"
NA,"23695063",NA,NA,NA,NA,"forms",NA,"9.8 %","%"
NA,"23695063",NA,NA,NA,NA,"chronic tth",NA,"0.6 %","%"
NA,"23695063",NA,NA,NA,NA,"probable tth",NA,"2.3 %","%"
NA,"23695063",NA,NA,NA,NA,"infrequent forms",NA,"9 %","%"
NA,"23698019",NA,NA,NA,NA,"saline",NA,"0.9 %","%"
NA,"23698019",NA,NA,NA,NA,"lidocaine",NA,"0.5 %","%"
NA,"23700075",NA,NA,NA,NA,"migraine headache",NA,"54.4 %","%"
NA,"23700075",NA,NA,NA,NA,"migraine",NA,"9.1 %","%"
NA,"23713303",NA,NA,NA,NA,"effective rate",NA,"97.3 %","%"
NA,"23713303",NA,NA,NA,NA,"acupuncture",NA,"88.4 %","%"
NA,"23790235",NA,NA,NA,NA,"mo",NA,"65.3 %","%"
NA,"23808666",NA,NA,NA,NA,"migraine prevalence prevention study survey",NA,"64.9 %","%"
NA,"23808666",NA,NA,NA,NA,"females",NA,"17.4 %","%"
NA,"23808666",NA,NA,NA,NA,"females",NA,"23.5 %","%"
NA,"23808666",NA,NA,NA,NA,"males",NA,"10.6 %","%"
NA,"23808666",NA,NA,NA,NA,"migraine",NA,"11.8 %","%"
NA,"23808666",NA,NA,NA,NA,"females",NA,"17.3 %","%"
NA,"23808666",NA,NA,NA,NA,"males",NA,"5.7 %","%"
NA,"23808666",NA,NA,NA,NA,"pm",NA,"4.6 %","%"
NA,"23808666",NA,NA,NA,NA,"females",NA,"5.3 %","%"
NA,"23808666",NA,NA,NA,NA,"males",NA,"3.9 %","%"
NA,"23808666",NA,NA,NA,NA,"males",NA,"1.0 %","%"
NA,"23808666",NA,NA,NA,NA,"females",NA,"0.9 %","%"
NA,"23808756",NA,NA,NA,NA,"women",NA,"25.2 %","%"
NA,"23808756",NA,NA,NA,NA,"women veterans",NA,"29.1 %","%"
NA,"23808756",NA,NA,NA,NA,"men",NA,"19.7 %","%"
NA,"23846960",NA,NA,NA,NA,"bed rest",NA,"26.4 %","%"
NA,"23846960",NA,NA,NA,NA,"immediate mobilization",NA,"20.5 %","%"
NA,"23846960",NA,NA,NA,NA,"bed rest",NA,"10.6 %","%"
NA,"23846960",NA,NA,NA,NA,"bed rest mobilization",NA,"10.7 %","%"
NA,"23846960",NA,NA,NA,NA,"bed rest",NA,"33.6 %","%"
NA,"23846960",NA,NA,NA,NA,"mobilization",NA,"28.6 %","%"
NA,"23847154",NA,NA,NA,NA,"chronic headache",NA,"39 %","%"
NA,"23847154",NA,NA,NA,NA,"migraine",NA,"20 %","%"
NA,"23847154",NA,NA,NA,NA,"tension type headache",NA,"34 %","%"
NA,"23847154",NA,NA,NA,NA,"mixed headache",NA,"27 %","%"
NA,"23847154",NA,NA,NA,NA,"medication overuse headache",NA,"4 %","%"
NA,"23847154",NA,NA,NA,NA,"types headaches",NA,"15 %","%"
NA,"23847154",NA,NA,NA,NA,"fifty per cent children improvement headache frequency",NA,"50 %","%"
NA,"23876282",NA,NA,NA,NA,"headache frequency",NA,"20 %","%"
NA,"23876282",NA,NA,NA,NA,"responders",NA,"50 %","%"
NA,"23903901",NA,NA,NA,NA,"hyperbaric bupivacaine  control",NA,"0.5 %","%"
NA,"23903901",NA,NA,NA,NA,"pdph",NA,"2 %","%"
NA,"24117275",NA,NA,NA,NA,"headache",NA,"5 %","%"
NA,"24233069",NA,NA,NA,NA,"gauge",NA,"7.2 %","%"
NA,"24233069",NA,NA,NA,NA,"gauge",NA,"4.6 %","%"
NA,"24233069",NA,NA,NA,NA,"gauge",NA,"15 %","%"
NA,"24256171",NA,NA,NA,NA,"headache days",NA,"50 %","%"
NA,"24256171",NA,NA,NA,NA,"mediated effect",NA,"24.5 %","%"
NA,"24293089",NA,NA,NA,NA,"ichd criteria",NA,"0.5 % -7.2 %","%"
NA,"24304354",NA,NA,NA,NA,"eradication",NA,"28 %","%"
NA,"24322480",NA,NA,NA,NA,"headache days",NA,"58.4 %","%"
NA,"24322480",NA,NA,NA,NA,"midas",NA,"57.1 %","%"
NA,"24322480",NA,NA,NA,NA,"depression",NA,"50.7 %","%"
NA,"24322480",NA,NA,NA,NA,"anxiety",NA,"27.1 %","%"
NA,"24322483",NA,NA,NA,NA,"youths",NA,"2 %","%"
NA,"24322483",NA,NA,NA,NA,"medication overuse",NA,"20 % -50 %","%"
NA,"24333367",NA,NA,NA,NA,"least one headache every three months",NA,"66 %to 71 %","%"
NA,"24333367",NA,NA,NA,NA,"year olds",NA,"71 %","%"
NA,"24333367",NA,NA,NA,NA,"least one per week",NA,"33 %to 40 %","%"
NA,"24333367",NA,NA,NA,NA,"least one per week",NA,"40 %","%"
NA,"24666014",NA,NA,NA,NA,"migraine",NA,"9.1 %","%"
NA,"24666014",NA,NA,NA,NA,"south korea",NA,"12.5 %","%"
NA,"24666014",NA,NA,NA,NA,"south korea",NA,"6 %","%"
NA,"24666114",NA,NA,NA,NA,"major societal burden",NA,"23.8 %","%"
NA,"24697284",NA,NA,NA,NA,"headache",NA,"32.7 %","%"
NA,"24790646",NA,NA,NA,NA,"acute response",NA,"68 %","%"
NA,"24814950",NA,NA,NA,NA,"migraine headache",NA,"5.61 %","%"
NA,"24814950",NA,NA,NA,NA,"student cohorts",NA,"14.89 %","%"
NA,"24814950",NA,NA,NA,NA,"migraine burden bound  dalys",NA,"10 %","%"
NA,"24875927",NA,NA,NA,NA,"non specific",NA,"85.7 %","%"
NA,"24875927",NA,NA,NA,NA,"migraine",NA,"14.4 %","%"
NA,"24875927",NA,NA,NA,NA,"countermeasures",NA,"54.5 %","%"
NA,"24875927",NA,NA,NA,NA,"countermeasures",NA,"36.4 %","%"
NA,"24875927",NA,NA,NA,NA,"countermeasures",NA,"11.9 %","%"
NA,"24928423",NA,NA,NA,NA,"middle aged population",NA,"3 %","%"
NA,"24928423",NA,NA,NA,NA,"sleep apnea headache",NA,"12 % -18 %","%"
NA,"24928423",NA,NA,NA,NA,"oxygen saturation",NA,"90 %","%"
NA,"24928423",NA,NA,NA,NA,"sleep apnea headache",NA,"88.5 %","%"
NA,"24990298",NA,NA,NA,NA,"general population",NA,"2 %","%"
NA,"24990298",NA,NA,NA,NA,"medication overuse headache moh",NA,"50 %","%"
NA,"25042489",NA,NA,NA,NA,"headaches tension",NA,"50 %","%"
NA,"25112307",NA,NA,NA,NA,"questionnaire",NA,"42 %","%"
NA,"25112307",NA,NA,NA,NA,"screened positive moh",NA,"2.4 %","%"
NA,"25112307",NA,NA,NA,NA,"bi",NA,"50 %","%"
NA,"25112307",NA,NA,NA,NA,"bau",NA,"6 %","%"
NA,"25123846",NA,NA,NA,NA,"mentioned published academic articles",NA,"38 %","%"
NA,"25123846",NA,NA,NA,NA,"search complete",NA,"98 %","%"
NA,"25159678",NA,NA,NA,NA,"responders defined patients â¥ headache frequency",NA,"50 %","%"
NA,"25159678",NA,NA,NA,NA,"responders",NA,"58 %","%"
NA,"25159678",NA,NA,NA,NA,"moh",NA,"73 %","%"
NA,"25159678",NA,NA,NA,NA,"episodic headaches",NA,"64 %","%"
NA,"25159678",NA,NA,NA,NA,"moh",NA,"27 %","%"
NA,"25170037",NA,NA,NA,NA,"headache frequency",NA,"40 %","%"
NA,"25170037",NA,NA,NA,NA,"headache frequency",NA,"50 %","%"
NA,"25170037",NA,NA,NA,NA,"headache frequency",NA,"33 %","%"
NA,"25199696",NA,NA,NA,NA,"postdural puncture headache",NA,"40 %","%"
NA,"25199696",NA,NA,NA,NA,"headache",NA,"3.7 %","%"
NA,"25199696",NA,NA,NA,NA,"statistically",NA,"8.2 %","%"
NA,"25199696",NA,NA,NA,NA,"controls",NA,"2.2 %","%"
NA,"25199696",NA,NA,NA,NA,"controls",NA,"6 %","%"
NA,"2522746",NA,NA,NA,NA,"autologous blood",NA,"8.3 %","%"
NA,"2522746",NA,NA,NA,NA,"saline",NA,"45 %","%"
NA,"25231430",NA,NA,NA,NA,"hh",NA,"0.35 %","%"
NA,"25315108",NA,NA,NA,NA,"tth",NA,"78 %","%"
NA,"25315108",NA,NA,NA,NA,"men women",NA,"35.8 %","%"
NA,"25315108",NA,NA,NA,NA,"men",NA,"27.8 %","%"
NA,"25315108",NA,NA,NA,NA,"women",NA,"42.4 %","%"
NA,"25363127",NA,NA,NA,NA,"lidocaine",NA,"2 %","%"
NA,"25398377",NA,NA,NA,NA,"relapse rates",NA,"41 %","%"
NA,"25411142",NA,NA,NA,NA,"attack frequency",NA,"60 %","%"
NA,"25411142",NA,NA,NA,NA,"attack frequency",NA,"50 %","%"
NA,"25411142",NA,NA,NA,NA,"occipital nerve stimulation",NA,"70 %","%"
NA,"25440210",NA,NA,NA,NA,"headaches moderate intensity",NA,"66.7 %","%"
NA,"25509967",NA,NA,NA,NA,"highly relief",NA,"94 %","%"
NA,"25509967",NA,NA,NA,NA,"highly relief",NA,"91 %","%"
NA,"25509967",NA,NA,NA,NA,"highly relief",NA,"97 %","%"
NA,"25509967",NA,NA,NA,NA,"highly relief",NA,"36 %","%"
NA,"25509967",NA,NA,NA,NA,"highly relief",NA,"49 %","%"
NA,"25509967",NA,NA,NA,NA,"headache relief",NA,"99 %","%"
NA,"25509967",NA,NA,NA,NA,"headache relief",NA,"51 %","%"
NA,"25582043",NA,NA,NA,NA,"primary headache disorders",NA,"93.0 %","%"
NA,"25582043",NA,NA,NA,NA,"primary headache disorders",NA,"45.3 %","%"
NA,"25582043",NA,NA,NA,NA,"migraine",NA,"14.8 %","%"
NA,"25582043",NA,NA,NA,NA,"migraine aura",NA,"3.4 %","%"
NA,"25582043",NA,NA,NA,NA,"migraine without aura",NA,"11.4 %","%"
NA,"25582043",NA,NA,NA,NA,"tension type headache",NA,"26.2 %","%"
NA,"25582043",NA,NA,NA,NA,"chronic daily headache",NA,"2.7 %","%"
NA,"25600719",NA,NA,NA,NA,"females",NA,"14.2 %","%"
NA,"25600719",NA,NA,NA,NA,"migraine",NA,"19.1 %","%"
NA,"25600719",NA,NA,NA,NA,"migraine",NA,"9.0 %","%"
NA,"25600719",NA,NA,NA,NA,"females",NA,"23.5 %","%"
NA,"25600719",NA,NA,NA,NA,"females",NA,"20.2 %","%"
NA,"25600719",NA,NA,NA,NA,"males",NA,"9.4 %","%"
NA,"25600719",NA,NA,NA,NA,"migraine severe headache",NA,"14.9 %","%"
NA,"25600719",NA,NA,NA,NA,"migraine",NA,"1 %to 1.9 %","%"
NA,"25600719",NA,NA,NA,NA,"migraine",NA,"1.9 %","%"
NA,"25600719",NA,NA,NA,NA,"migraine",NA,"0.7 %to 1.2 %","%"
NA,"25600719",NA,NA,NA,NA,"migraine",NA,"1.2 %","%"
NA,"25600719",NA,NA,NA,NA,"emergency department",NA,"3.5 %","%"
NA,"25600719",NA,NA,NA,NA,"migraine",NA,"6 %","%"
NA,"25600719",NA,NA,NA,NA,"emergency department",NA,"3.1 %","%"
NA,"25600719",NA,NA,NA,NA,"migraine",NA,"0.5 %","%"
NA,"25600719",NA,NA,NA,NA,"headache presentations  ambulatory care visits",NA,"0.4 %","%"
NA,"25600719",NA,NA,NA,NA,"migraine",NA,"52.8 %","%"
NA,"25600719",NA,NA,NA,NA,"specialty outpatient settings",NA,"23.2 %","%"
NA,"25600719",NA,NA,NA,NA,"migraine",NA,"16.7 %","%"
NA,"25600719",NA,NA,NA,NA,"opioids",NA,"35 %","%"
NA,"25600719",NA,NA,NA,NA,"triptans",NA,"1.5 %","%"
NA,"25637288",NA,NA,NA,NA,"primary headaches",NA,"4 %","%"
NA,"25659407",NA,NA,NA,NA,"headache",NA,"70.6 %","%"
NA,"25659407",NA,NA,NA,NA,"migraine",NA,"15.8 %","%"
NA,"25659407",NA,NA,NA,NA,"tension type headache",NA,"29.5 %","%"
NA,"25659407",NA,NA,NA,NA,"chronic daily headache",NA,"6.1 %","%"
NA,"25794941",NA,NA,NA,NA,"atraumatic spinal needles",NA,"2 %","%"
NA,"25794941",NA,NA,NA,NA,"q type needle",NA,"22.43 %","%"
NA,"25794941",NA,NA,NA,NA,"s type needle",NA,"8.51 %","%"
NA,"25908221",NA,NA,NA,NA,"q needle",NA,"35.9 %","%"
NA,"25908221",NA,NA,NA,NA,"pdph",NA,"12.9 %","%"
NA,"25908221",NA,NA,NA,NA,"pdph",NA,"1.6 %","%"
NA,"25926620",NA,NA,NA,NA,"placebo",NA,"2.7 %","%"
NA,"25926620",NA,NA,NA,NA,"alanine aminotransferase elevations",NA,"0.6 %","%"
NA,"25926620",NA,NA,NA,NA,"alanine aminotransferase elevations",NA,"0.4 %","%"
NA,"25931277",NA,NA,NA,NA,"i",NA,"0 %","%"
NA,"26063190",NA,NA,NA,NA,"adamts",NA,"10 %","%"
NA,"26063190",NA,NA,NA,NA,"three episodes",NA,"57 %","%"
NA,"26063190",NA,NA,NA,NA,"ttp survivors",NA,"90 %","%"
NA,"26123200",NA,NA,NA,NA,"headache",NA,"60.0 %","%"
NA,"26123200",NA,NA,NA,NA,"four",NA,"80.0 %","%"
NA,"26123200",NA,NA,NA,NA,"melatonin",NA,"40.0 %","%"
NA,"26186143",NA,NA,NA,NA,"relapse",NA,"40 %","%"
NA,"26229071",NA,NA,NA,NA,"tth",NA,"95 %","%"
NA,"26232105",NA,NA,NA,NA,"attack frequency",NA,"50 %","%"
NA,"26264901",NA,NA,NA,NA,"headache",NA,"60 %","%"
NA,"26280569",NA,NA,NA,NA,"posttraumatic headache",NA,"71 %","%"
NA,"26280569",NA,NA,NA,NA,"mild tbi mtbi",NA,"91 %","%"
NA,"26280569",NA,NA,NA,NA,"moderate severe tbi",NA,"44 %","%"
NA,"26280569",NA,NA,NA,NA,"mtbi",NA,"54 %","%"
NA,"2644581",NA,NA,NA,NA,"patients",NA,"54 %","%"
NA,"2644581",NA,NA,NA,NA,"placebo",NA,"8 %","%"
NA,"26485379",NA,NA,NA,NA,"significance level",NA,"5 %","%"
NA,"26487467",NA,NA,NA,NA,"fio",NA,"12.6 %","%"
NA,"26487467",NA,NA,NA,NA,"males",NA,"55.8 %","%"
NA,"26487467",NA,NA,NA,NA,"females",NA,"44.2 %","%"
NA,"26487467",NA,NA,NA,NA,"spo",NA,"81.18 %","%"
NA,"26487467",NA,NA,NA,NA,"spo",NA,"71.4 %","%"
NA,"26487467",NA,NA,NA,NA,"spo",NA,"8 %","%"
NA,"26487467",NA,NA,NA,NA,"spo",NA,"15 %","%"
NA,"2662802",NA,NA,NA,NA,"five",NA,"11.6 %","%"
NA,"2662802",NA,NA,NA,NA,"seven",NA,"11.9 %","%"
NA,"2668227",NA,NA,NA,NA,"pain intensity",NA,"35 %","%"
NA,"2668227",NA,NA,NA,NA,"placebo",NA,"18 %","%"
NA,"2668227",NA,NA,NA,NA,"physicians",NA,"40 %","%"
NA,"2668227",NA,NA,NA,NA,"patients",NA,"36 %","%"
NA,"2668227",NA,NA,NA,NA,"placebo",NA,"16 %","%"
NA,"2668227",NA,NA,NA,NA,"minor adverse experience",NA,"10 %","%"
NA,"26718237",NA,NA,NA,NA,"physiotherapy plus medication",NA,"18 %","%"
NA,"26718237",NA,NA,NA,NA,"improvement",NA,"12 %","%"
NA,"2672869",NA,NA,NA,NA,"postspinal headache",NA,"27.6 %","%"
NA,"2672869",NA,NA,NA,NA,"postspinal headache",NA,"12.6 %","%"
NA,"2672869",NA,NA,NA,NA,"postspinal headache",NA,"10.8 %","%"
NA,"26992129",NA,NA,NA,NA,"cognitive behavioral therapy plus amitriptyline",NA,"47 %","%"
NA,"26992129",NA,NA,NA,NA,"headache education",NA,"20 %","%"
NA,"26992129",NA,NA,NA,NA,"chronic migraine",NA,"32 %","%"
NA,"26992129",NA,NA,NA,NA,"headache education plus amitriptyline group",NA,"16 %","%"
NA,"26992129",NA,NA,NA,NA,"cognitive behavioral therapy plus amitriptyline group",NA,"72 %","%"
NA,"26992129",NA,NA,NA,NA,"headache education plus amitriptyline group",NA,"52 %","%"
NA,"26992129",NA,NA,NA,NA,"cognitive behavioral therapy plus amitriptyline group",NA,"61 %","%"
NA,"26992129",NA,NA,NA,NA,"headache education plus amitriptyline group",NA,"40 %","%"
NA,"27062954",NA,NA,NA,NA,"women",NA,"85 %","%"
NA,"27092807",NA,NA,NA,NA,"headache frequency",NA,"50 %","%"
NA,"27092807",NA,NA,NA,NA,"headache frequency",NA,"51 %","%"
NA,"27092807",NA,NA,NA,NA,"headache frequency",NA,"43 %","%"
NA,"27092807",NA,NA,NA,NA,"acupuncture",NA,"17 %","%"
NA,"27184059",NA,NA,NA,NA,"sports related concussion",NA,"90 %","%"
NA,"27189588",NA,NA,NA,NA,"high",NA,"2 %","%"
NA,"27349210",NA,NA,NA,NA,"dialysis headache",NA,"73 %","%"
NA,"27423601",NA,NA,NA,NA,"caucasian population",NA,"12 %","%"
NA,"27461394",NA,NA,NA,NA,"â±",NA,"37 %","%"
NA,"27461394",NA,NA,NA,NA,"acute attacks  remission",NA,"49 %","%"
NA,"27491303",NA,NA,NA,NA,"women",NA,"55.3 %","%"
NA,"27491303",NA,NA,NA,NA,"men",NA,"44.7 %","%"
NA,"27493718",NA,NA,NA,NA,"women  low socioeconomic position",NA,"7 %","%"
NA,"27509601",NA,NA,NA,NA,"acupuncture",NA,"61.3 %","%"
NA,"27541044",NA,NA,NA,NA,"headache frequency",NA,"50 %","%"
NA,"27541044",NA,NA,NA,NA,"headache frequency",NA,"79.4 %","%"
NA,"27541044",NA,NA,NA,NA,"episodic headache",NA,"74.4 %","%"
NA,"27541044",NA,NA,NA,NA,"converted episodic headache",NA,"64.8 %","%"
NA,"27541044",NA,NA,NA,NA,"converted episodic headache",NA,"59.2 %","%"
NA,"27541044",NA,NA,NA,NA,"chronic migraine severity headache months",NA,"35.3 %","%"
NA,"27541044",NA,NA,NA,NA,"chronic episodic headache",NA,"67.1 %","%"
NA,"27593728",NA,NA,NA,NA,"nvns",NA,"26.7 %","%"
NA,"27593728",NA,NA,NA,NA,"sham treated",NA,"15.1 %","%"
NA,"27593728",NA,NA,NA,NA,"ech",NA,"34.2 %","%"
NA,"27593728",NA,NA,NA,NA,"sham",NA,"10.6 %","%"
NA,"27593728",NA,NA,NA,NA,"sham",NA,"13.6 %","%"
NA,"27593728",NA,NA,NA,NA,"sham",NA,"23.1 %","%"
NA,"27615418",NA,NA,NA,NA,"moh",NA,"1 %","%"
NA,"27670440",NA,NA,NA,NA,"frequency attacks per month",NA,"50 %","%"
NA,"27697123",NA,NA,NA,NA,"adults",NA,"1.8 %","%"
NA,"27882516",NA,NA,NA,NA,"relative",NA,"35 %","%"
NA,"28128461",NA,NA,NA,NA,"attack frequency",NA,"50 %","%"
NA,"28128461",NA,NA,NA,NA,"medically intractable",NA,"70 %","%"
NA,"28128461",NA,NA,NA,NA,"clinically improvement",NA,"68 %","%"
NA,"28151589",NA,NA,NA,NA,"posttraumatic headache",NA,"30 %to 90 %","%"
NA,"28151589",NA,NA,NA,NA,"traumatic brain injuries result posttraumatic headache",NA,"90 %","%"
NA,"28197844",NA,NA,NA,NA,"â¥",NA,"25 %","%"
NA,"28197844",NA,NA,NA,NA,"soc",NA,"50 %","%"
NA,"28197844",NA,NA,NA,NA,"â¥",NA,"75 %","%"
NA,"28197844",NA,NA,NA,NA,"soc alone",NA,"0 %","%"
NA,"28327977",NA,NA,NA,NA,"mri",NA,"12.4 %to 15.9 %","%"
NA,"28327977",NA,NA,NA,NA,"mri",NA,"15.9 %","%"
NA,"28388808",NA,NA,NA,NA,"traumatic needles",NA,"9 %","%"
NA,"28388808",NA,NA,NA,NA,"atraumatic needles",NA,"51 %","%"
NA,"28392178",NA,NA,NA,NA,"headache frequency",NA,"50 %","%"
NA,"28392178",NA,NA,NA,NA,"headache frequency",NA,"4 %","%"
NA,"28392178",NA,NA,NA,NA,"acupuncture",NA,"51 %","%"
NA,"28392178",NA,NA,NA,NA,"sham acupuncture",NA,"43 %","%"
NA,"28392178",NA,NA,NA,NA,"adverse effects",NA,"17 %","%"
NA,"28392178",NA,NA,NA,NA,"sham",NA,"12 %","%"
NA,"28427978",NA,NA,NA,NA,"ponticulus posticus",NA,"15.8 %","%"
NA,"28427978",NA,NA,NA,NA,"males",NA,"13.1 %","%"
NA,"28427978",NA,NA,NA,NA,"females",NA,"17.9 %","%"
NA,"28427978",NA,NA,NA,NA,"cervicogenic headache",NA,"6 %","%"
NA,"28432757",NA,NA,NA,NA,"telemedicine",NA,"69.4 %","%"
NA,"28432757",NA,NA,NA,NA,"telemedicine",NA,"72.4 %","%"
NA,"28432757",NA,NA,NA,NA,"telemedicine patients",NA,"85.5 %","%"
NA,"28432757",NA,NA,NA,NA,"telemedicine",NA,"88.1 %","%"
NA,"28432757",NA,NA,NA,NA,"indifferent type consultation",NA,"67.3 %","%"
NA,"28440672",NA,NA,NA,NA,"international classification headache disorders",NA,"89.5 %","%"
NA,"28440672",NA,NA,NA,NA,"pain intensity",NA,"66.1 %","%"
NA,"28440672",NA,NA,NA,NA,"inclusion criteria",NA,"67.7 %","%"
NA,"28440672",NA,NA,NA,NA,"episode frequency",NA,"71.4 %","%"
NA,"28440672",NA,NA,NA,NA,"neck related pain",NA,"60 %","%"
NA,"28535561",NA,NA,NA,NA,"position",NA,"25 %","%"
NA,"28535561",NA,NA,NA,NA,"pdph",NA,"0 %","%"
NA,"28535561",NA,NA,NA,NA,"i",NA,"73 %","%"
NA,"28632763",NA,NA,NA,NA,"ibuprofen",NA,"42 %","%"
NA,"28632763",NA,NA,NA,NA,"placebo",NA,"57 %","%"
NA,"28632763",NA,NA,NA,NA,"absolute",NA,"15 %","%"
NA,"28632763",NA,NA,NA,NA,"severe hah",NA,"3 %","%"
NA,"28632763",NA,NA,NA,NA,"placebo",NA,"10 %","%"
NA,"28632763",NA,NA,NA,NA,"severe hah",NA,"8 %","%"
NA,"28750588",NA,NA,NA,NA,"frequency tth",NA,"11 %","%"
NA,"28750588",NA,NA,NA,NA,"duration",NA,"by10 %","%"
NA,"28750588",NA,NA,NA,NA,"frequency",NA,"24 %","%"
NA,"28750588",NA,NA,NA,NA,"duration",NA,"27 %","%"
NA,"28754173",NA,NA,NA,NA,"placebo",NA,"71.4 %","%"
NA,"28766236",NA,NA,NA,NA,"headache day frequency",NA,"50 %","%"
NA,"28805758",NA,NA,NA,NA,"productivity",NA,"50 %","%"
NA,"28850455",NA,NA,NA,NA,"migraine headache",NA,"30.7 %","%"
NA,"28850455",NA,NA,NA,NA,"comorbidity",NA,"9 %","%"
NA,"28854396",NA,NA,NA,NA,"headache",NA,"50 %","%"
NA,"2890509",NA,NA,NA,NA,"frequency",NA,"50 %","%"
NA,"28922046",NA,NA,NA,NA,"vas",NA,"63.0 %","%"
NA,"28922046",NA,NA,NA,NA,"hit",NA,"12.5 %","%"
NA,"28922046",NA,NA,NA,NA,"vas",NA,"28.2 %","%"
NA,"28922046",NA,NA,NA,NA,"hiit",NA,"1.2 %","%"
NA,"28922046",NA,NA,NA,NA,"vas",NA,"8.6 %","%"
NA,"28974725",NA,NA,NA,NA,"headache",NA,"38 %","%"
NA,"29082824",NA,NA,NA,NA,"patients experienced cas",NA,"80 %","%"
NA,"29082824",NA,NA,NA,NA,"nine patients reported cas sham",NA,"45 %","%"
NA,"29140286",NA,NA,NA,NA,"general population",NA,"30 %to 78 %","%"
NA,"29192541",NA,NA,NA,NA,"nonspecific chronic headache",NA,"39 %","%"
NA,"29192541",NA,NA,NA,NA,"cpth",NA,"7.6 %","%"
NA,"29309984",NA,NA,NA,NA,"women",NA,"79.8 %","%"
NA,"29309984",NA,NA,NA,NA,"women",NA,"40.0 %","%"
NA,"29309984",NA,NA,NA,NA,"women",NA,"85.0 %","%"
NA,"29309984",NA,NA,NA,NA,"europe",NA,"61.5 %","%"
NA,"29309984",NA,NA,NA,NA,"women",NA,"65.7 %","%"
NA,"29340793",NA,NA,NA,NA,"overuse abortive medications",NA,"50 %","%"
NA,"29350303",NA,NA,NA,NA,"response",NA,"50 %","%"
NA,"29399051",NA,NA,NA,NA,"insomnia",NA,"50 %","%"
NA,"29465033",NA,NA,NA,NA,"headache",NA,"58.4 %","%"
NA,"29497328",NA,NA,NA,NA,"full stimulation treated attacks",NA,"67.1 %","%"
NA,"29497328",NA,NA,NA,NA,"sham stimulation",NA,"7 %","%"
NA,"29497328",NA,NA,NA,NA,"> attack frequency",NA,"35 %","%"
NA,"29497328",NA,NA,NA,NA,"attack frequency",NA,"50 %","%"
NA,"29497328",NA,NA,NA,NA,"acute responders",NA,"61 %","%"
NA,"29497328",NA,NA,NA,NA,"respond spg stimulation",NA,"39 %","%"
NA,"29497328",NA,NA,NA,NA,"facial sensory disturbances",NA,"67 %","%"
NA,"29497328",NA,NA,NA,NA,"transient",NA,"46 %","%"
NA,"29497328",NA,NA,NA,NA,"transient allodynia",NA,"3 %","%"
NA,"29497328",NA,NA,NA,NA,"infection",NA,"5 %","%"
NA,"29527677",NA,NA,NA,NA,"males",NA,"9.7 %","%"
NA,"29527677",NA,NA,NA,NA,"females",NA,"20.7 %","%"
NA,"29527677",NA,NA,NA,NA,"american indian alaska natives",NA,"18.4 %","%"
NA,"29527677",NA,NA,NA,NA,"asians",NA,"11.3 %","%"
NA,"29527677",NA,NA,NA,NA,"aged",NA,"17.9 %","%"
NA,"29527677",NA,NA,NA,NA,"unemployed",NA,"21.4 %","%"
NA,"29527677",NA,NA,NA,NA,"family income",NA,"19.9 %","%"
NA,"29527677",NA,NA,NA,NA,"females",NA,"16.4 %","%"
NA,"29572284",NA,NA,NA,NA,"women",NA,"76.2 %","%"
NA,"29572284",NA,NA,NA,NA,"improvements",NA,"72.6 %","%"
NA,"29572284",NA,NA,NA,NA,"adverse events",NA,"1.6 %","%"
NA,"29659437",NA,NA,NA,NA,"pencil point design",NA,"29 %","%"
NA,"29722276",NA,NA,NA,NA,"sustained ms headache days",NA,"50 %","%"
NA,"29722276",NA,NA,NA,NA,"responder rates",NA,"75 %","%"
NA,"29722276",NA,NA,NA,NA,"migraine days",NA,"39 %","%"
NA,"29722276",NA,NA,NA,NA,"placebo",NA,"10 %","%"
NA,"29722276",NA,NA,NA,NA,"placebo",NA,"16 %","%"
NA,"29722276",NA,NA,NA,NA,"placebo",NA,"8 %","%"
NA,"29722276",NA,NA,NA,NA,"migraine days",NA,"19 %","%"
NA,"29722276",NA,NA,NA,NA,"sustained",NA,"3 %","%"
NA,"29722276",NA,NA,NA,NA,"placebo",NA,"2 %","%"
NA,"29722276",NA,NA,NA,NA,"ms headache days",NA,"32 %","%"
NA,"29722276",NA,NA,NA,NA,"days acute medication use",NA,"26 %","%"
NA,"29932046",NA,NA,NA,NA,"medication overuse headache",NA,"0.7 % -1 %","%"
NA,"29957866",NA,NA,NA,NA,"injuries",NA,"82 %","%"
NA,"29957866",NA,NA,NA,NA,"posttraumatic headache",NA,"92 %","%"
NA,"29987329",NA,NA,NA,NA,"men",NA,"84.4 %","%"
NA,"29987329",NA,NA,NA,NA,"placebo",NA,"11 %","%"
NA,"29987329",NA,NA,NA,NA,"chronic cluster headaches",NA,"50 %","%"
NA,"30043250",NA,NA,NA,NA,"drug effect",NA,"40 %","%"
NA,"30213202",NA,NA,NA,NA,"headache frequency",NA,"51 %","%"
NA,"30213202",NA,NA,NA,NA,"medication intake",NA,"48.7 %","%"
NA,"30213202",NA,NA,NA,NA,"pharmacological prophylaxis",NA,"98.7 %","%"
NA,"30301194",NA,NA,NA,NA,"headache",NA,"26 %","%"
NA,"30301194",NA,NA,NA,NA,"paediatric populations",NA,"18.3 %","%"
NA,"30301194",NA,NA,NA,NA,"idiopathic headache",NA,"2.4 %","%"
NA,"30301194",NA,NA,NA,NA,"cd",NA,"75 %","%"
NA,"30346680",NA,NA,NA,NA,"tension type headache",NA,"46 %to 78 %","%"
NA,"30346680",NA,NA,NA,NA,"tension type headache",NA,"78 %","%"
NA,"3042150",NA,NA,NA,NA,"women",NA,"41 %","%"
NA,"3042150",NA,NA,NA,NA,"nausea",NA,"13 %","%"
NA,"3042150",NA,NA,NA,NA,"nausea",NA,"16 %","%"
NA,"30425380",NA,NA,NA,NA,"tension type headache",NA,"40 %","%"
NA,"30449536",NA,NA,NA,NA,"methylprednisolone acetate",NA,"5 %","%"
NA,"30449536",NA,NA,NA,NA,"methylprednisolone acetate",NA,"71 %","%"
NA,"30449536",NA,NA,NA,NA,"methylprednisolone acetate",NA,"17 %","%"
NA,"30450545",NA,NA,NA,NA,"daily headache diary entry",NA,"80 %","%"
NA,"30466384",NA,NA,NA,NA,"ptha frequency",NA,"36 %","%"
NA,"30466384",NA,NA,NA,NA,"headache severity",NA,"56 %","%"
NA,"30466384",NA,NA,NA,NA,"improved quality life",NA,"60 %","%"
NA,"3051428",NA,NA,NA,NA,"accidental dural puncture",NA,"2.9 %","%"
NA,"3051428",NA,NA,NA,NA,"headache",NA,"76.5 %","%"
NA,"30580350",NA,NA,NA,NA,"group b",NA,"24.0 %","%"
NA,"30710346",NA,NA,NA,NA,"worldwide",NA,"2 %","%"
NA,"30785242",NA,NA,NA,NA,"primary headaches",NA,"80 %","%"
NA,"30807986",NA,NA,NA,NA,"drugs",NA,"95 %","%"
NA,"30877613",NA,NA,NA,NA,"chronic ch reveals resistant pharmacological treatments",NA,"20 %","%"
NA,"30877613",NA,NA,NA,NA,"efficacy",NA,"76.5 %","%"
NA,"30877613",NA,NA,NA,NA,"radiofrequency",NA,"87 %","%"
NA,"30877613",NA,NA,NA,NA,"cch",NA,"70.3 %","%"
NA,"30877613",NA,NA,NA,NA,"attack frequency",NA,"55 %","%"
NA,"30877613",NA,NA,NA,NA,"ech",NA,"71 %","%"
NA,"30893319",NA,NA,NA,NA,"propranolol episodic migraine headaches",NA,"50 %","%"
NA,"30910061",NA,NA,NA,NA,"side effects",NA,"65.4 %","%"
NA,"30910061",NA,NA,NA,NA,"side effects",NA,"66.7 %","%"
NA,"30910061",NA,NA,NA,NA,"three",NA,"11.5 %","%"
NA,"30922083",NA,NA,NA,NA,"healthy individuals",NA,"30 %","%"
NA,"30957220",NA,NA,NA,NA,"ch",NA,"0.9 %","%"
NA,"30957220",NA,NA,NA,NA,"general population",NA,"0.1 %","%"
NA,"31107359",NA,NA,NA,NA,"edema",NA,"6.2 %","%"
NA,"31107359",NA,NA,NA,NA,"edema cases unrelated amlodipine",NA,"63 %","%"
NA,"31107359",NA,NA,NA,NA,"edema",NA,"37 %","%"
NA,"31107359",NA,NA,NA,NA,"headache",NA,"10.9 %","%"
NA,"31174999",NA,NA,NA,NA,"medication overuse headache",NA,"2 %","%"
NA,"31210018",NA,NA,NA,NA,"response rate",NA,"74.5 %","%"
NA,"31210018",NA,NA,NA,NA,"traditionally",NA,"95 %","%"
NA,"31247699",NA,NA,NA,NA,"clinically abnormalities",NA,"8.86 %","%"
NA,"31268266",NA,NA,NA,NA,"postdural puncture headache",NA,"0 %","%"
NA,"31268266",NA,NA,NA,NA,"g atraucan",NA,"2.5 %","%"
NA,"31268266",NA,NA,NA,NA,"g quincke midline",NA,"7.2 %","%"
NA,"31268266",NA,NA,NA,NA,"paramedian approach",NA,"2.7 %","%"
NA,"31291515",NA,NA,NA,NA,"headache frequency",NA,"50 %","%"
NA,"31291515",NA,NA,NA,NA,"least headache frequency",NA,"71 %","%"
NA,"31291515",NA,NA,NA,NA,"least headache frequency",NA,"53 %","%"
NA,"31291515",NA,NA,NA,NA,"injection site pain",NA,"8 %","%"
NA,"31307396",NA,NA,NA,NA,"general population",NA,"0.03 %to 0.1 %","%"
NA,"31307396",NA,NA,NA,NA,"general population",NA,"0.1 %","%"
NA,"31413170",NA,NA,NA,NA,"headache frequency",NA,"50 %","%"
NA,"31529477",NA,NA,NA,NA,"headache frequency",NA,"50 %","%"
NA,"31530227",NA,NA,NA,NA,"motor threshold amplitude",NA,"70 %","%"
NA,"31535368",NA,NA,NA,NA,"migraine",NA,"18.39 %","%"
NA,"31535368",NA,NA,NA,NA,"frequency headache attacks",NA,"57.15 %","%"
NA,"31535368",NA,NA,NA,NA,"headache intensity patients migraine",NA,"61.86 %","%"
NA,"31559634",NA,NA,NA,NA,"headache days",NA,"50 %","%"
NA,"31559634",NA,NA,NA,NA,"onabotulinumtoxina",NA,"86 %","%"
NA,"31559634",NA,NA,NA,NA,"topiramate",NA,"20 %","%"
NA,"31559634",NA,NA,NA,NA,"responder",NA,"5 %","%"
NA,"31559634",NA,NA,NA,NA,"topiramate",NA,"19 %","%"
NA,"31559634",NA,NA,NA,NA,"â¥ headache frequency",NA,"4 %","%"
NA,"31559634",NA,NA,NA,NA,"â¥ headache frequency",NA,"51 %","%"
NA,"31559634",NA,NA,NA,NA,"â¥ headache frequency",NA,"40 %","%"
NA,"31559634",NA,NA,NA,NA,"responder",NA,"45.6 %","%"
NA,"31559634",NA,NA,NA,NA,"topiramate",NA,"29.4 %","%"
NA,"31559634",NA,NA,NA,NA,"onabotulinumtoxina",NA,"48 %","%"
NA,"31559634",NA,NA,NA,NA,"topiramate",NA,"79 %","%"
NA,"31560734",NA,NA,NA,NA,"headache frequency severity",NA,"50 %","%"
NA,"31571712",NA,NA,NA,NA,"responders",NA,"50 %","%"
NA,"31571712",NA,NA,NA,NA,"responders",NA,"60 %","%"
NA,"31571712",NA,NA,NA,NA,"responders",NA,"70 %","%"
NA,"31689482",NA,NA,NA,NA,"men",NA,"92.0 %","%"
NA,"31689482",NA,NA,NA,NA,"epigastric discomfort",NA,"3.9 %","%"
NA,"31719278",NA,NA,NA,NA,"pdph",NA,"28 %","%"
NA,"31725018",NA,NA,NA,NA,"maximum repetition",NA,"10 %to 80 %","%"
NA,"31725018",NA,NA,NA,NA,"maximum repetition",NA,"80 %","%"
NA,"31726975",NA,NA,NA,NA,"migraine",NA,"14.4 %","%"
NA,"31943197",NA,NA,NA,NA,"continue complain headache",NA,"60 %","%"
NA,"31943197",NA,NA,NA,NA,"compliant",NA,"80 %","%"
NA,"31943197",NA,NA,NA,NA,"daily headache diary",NA,"58 %","%"
NA,"31977938",NA,NA,NA,NA,"headache",NA,"60 %","%"
NA,"31977938",NA,NA,NA,NA,"heterogeneity",NA,"89 %to 98 %","%"
NA,"32009625",NA,NA,NA,NA,"cause",NA,"60 %","%"
NA,"3203698",NA,NA,NA,NA,"fluid intake",NA,"36 %","%"
NA,"32046655",NA,NA,NA,NA,"response",NA,"50 %","%"
NA,"32046655",NA,NA,NA,NA,"response",NA,"75 %","%"
NA,"32050782",NA,NA,NA,NA,"sustained response",NA,"50 %","%"
NA,"32050782",NA,NA,NA,NA,"â¥ preventive drug",NA,"63 %","%"
NA,"32108686",NA,NA,NA,NA,"intrathecal saline",NA,"78 %","%"
NA,"32108686",NA,NA,NA,NA,"intrathecal saline",NA,"79 %","%"
NA,"32108686",NA,NA,NA,NA,"epidural blood patch",NA,"37 %","%"
NA,"32108686",NA,NA,NA,NA,"epidural blood patch",NA,"52 %","%"
NA,"32158867",NA,NA,NA,NA,"worlds population",NA,"10 %","%"
NA,"32205737",NA,NA,NA,NA,"post ect headache",NA,"32.8 %","%"
NA,"32334514",NA,NA,NA,NA,"familial cluster headache",NA,"20 %","%"
NA,"32334514",NA,NA,NA,NA,"family history",NA,"6.27 %","%"
NA,"32334514",NA,NA,NA,NA,"family history",NA,"73 %","%"
NA,"32334514",NA,NA,NA,NA,"females",NA,"9.26 %","%"
NA,"32334514",NA,NA,NA,NA,"female",NA,"58.42 %","%"
NA,"32349538",NA,NA,NA,NA,"migraine",NA,"9.0 %","%"
NA,"32349538",NA,NA,NA,NA,"vertigo",NA,"3.3 %","%"
NA,"32349538",NA,NA,NA,NA,"dizziness",NA,"6.7 %to 59.6 %","%"
NA,"32349538",NA,NA,NA,NA,"dizziness",NA,"59.6 %","%"
NA,"32349538",NA,NA,NA,NA,"vertigo",NA,"6.4 %to 44.7 %","%"
NA,"32349538",NA,NA,NA,NA,"vertigo",NA,"44.7 %","%"
NA,"32349538",NA,NA,NA,NA,"dizziness",NA,"35.7 %","%"
NA,"32349538",NA,NA,NA,NA,"vertigo",NA,"33.9 %","%"
NA,"32349538",NA,NA,NA,NA,"vertigo",NA,"87 %","%"
NA,"32377948",NA,NA,NA,NA,"satisfied satisfied",NA,"33.7 %","%"
NA,"32377948",NA,NA,NA,NA,"improved greatly improved quality life",NA,"43.0 %","%"
NA,"32377948",NA,NA,NA,NA,"undergo procedure",NA,"67.5 %","%"
NA,"32377948",NA,NA,NA,NA,"satisfied satisfied",NA,"49.3 %","%"
NA,"32377948",NA,NA,NA,NA,"available patients",NA,"46.7 %","%"
NA,"32377948",NA,NA,NA,NA,"adverse events",NA,"37 %","%"
NA,"32377948",NA,NA,NA,NA,"side effects",NA,"47 %","%"
NA,"32377948",NA,NA,NA,NA,"adverse events",NA,"31 %","%"
NA,"32450871",NA,NA,NA,NA,"qatsdd",NA,"64.88 %","%"
NA,"32450871",NA,NA,NA,NA,"cbt",NA,"42.85 %","%"
NA,"32450871",NA,NA,NA,NA,"multi disciplinary treatments",NA,"22.43 %","%"
NA,"32450871",NA,NA,NA,NA,"biofeedback",NA,"7.14 %","%"
NA,"32450871",NA,NA,NA,NA,"individual basis implementation",NA,"10.72 %","%"
NA,"32450871",NA,NA,NA,NA,"frequency attacks",NA,"46.43 %","%"
NA,"32450871",NA,NA,NA,NA,"academic contexts",NA,"35.71 %","%"
NA,"32450871",NA,NA,NA,NA,"clinical settings",NA,"39.28 %","%"
NA,"32450871",NA,NA,NA,NA,"painheadache",NA,"25 %","%"
NA,"32463304",NA,NA,NA,NA,"general population",NA,"7 %","%"
NA,"32522602",NA,NA,NA,NA,"thyroid artery",NA,"34.4 %","%"
NA,"32522602",NA,NA,NA,NA,"jugular vein",NA,"31.2 %","%"
NA,"32522602",NA,NA,NA,NA,"vertebral arteriovenous",NA,"12.5 %","%"
NA,"32522602",NA,NA,NA,NA,"arteries",NA,"21.9 %","%"
NA,"32522602",NA,NA,NA,NA,"minor side effects",NA,"5.1 %","%"
NA,"32552646",NA,NA,NA,NA,"toxoplasmosis",NA,"17.67 %","%"
NA,"32552646",NA,NA,NA,NA,"toxoplasmosis",NA,"18.29 %","%"
NA,"32607079",NA,NA,NA,NA,"migraine prevalence",NA,"32 %","%"
NA,"32607079",NA,NA,NA,NA,"medical university students",NA,"27.9 %","%"
NA,"32607079",NA,NA,NA,NA,"medical university students",NA,"13.7 %","%"
NA,"32623142",NA,NA,NA,NA,"unexpected findings",NA,"17.5 %","%"
NA,"32623142",NA,NA,NA,NA,"mri",NA,"26.6 %","%"
NA,"32623142",NA,NA,NA,NA,"vascular neoplastic non neoplastic findings",NA,"6.6 %","%"
NA,"32623142",NA,NA,NA,NA,"migraine aura",NA,"1.4 %","%"
NA,"32623142",NA,NA,NA,NA,"vascular neoplastic non neoplastic findings",NA,"9.6 %","%"
NA,"32623142",NA,NA,NA,NA,"stroke",NA,"2.0 %","%"
NA,"32623142",NA,NA,NA,NA,"migraine aura",NA,"1.8 %","%"
NA,"32623142",NA,NA,NA,NA,"subdural hematoma",NA,"0.8 %","%"
NA,"32623142",NA,NA,NA,NA,"hydrocephalus",NA,"0.7 %","%"
NA,"32623142",NA,NA,NA,NA,"glioma",NA,"0.2 %","%"
NA,"32623142",NA,NA,NA,NA,"meningioma",NA,"0.1 %","%"
NA,"32623142",NA,NA,NA,NA,"vascular unexpected findings",NA,"0.4 %","%"
NA,"32623142",NA,NA,NA,NA,"migraine aura",NA,"1 %","%"
NA,"32696077",NA,NA,NA,NA,"headache multiple sclerosis",NA,"78 %","%"
NA,"32731623",NA,NA,NA,NA,"acute migraine treatment",NA,"2 %to 30 %","%"
NA,"32781922",NA,NA,NA,NA,"pain free subjects",NA,"50 %","%"
NA,"32781922",NA,NA,NA,NA,"pain free",NA,"88 %","%"
NA,"32781922",NA,NA,NA,NA,"pain free",NA,"0 %","%"
NA,"32806954",NA,NA,NA,NA,"more participants",NA,"80 %","%"
NA,"32806954",NA,NA,NA,NA,"glibenclamide placebo day",NA,"33 %","%"
NA,"32806954",NA,NA,NA,NA,"placebo placebo day",NA,"7 %","%"
NA,"32827225",NA,NA,NA,NA,"previously published cases",NA,"50 %","%"
NA,"32827225",NA,NA,NA,NA,"response rate",NA,"77 %","%"
NA,"32827225",NA,NA,NA,NA,"response rate",NA,"75 %","%"
NA,"32847403",NA,NA,NA,NA,"placebo",NA,"30 %","%"
NA,"32852688",NA,NA,NA,NA,"cervicocerebral artery dissection",NA,"25 %","%"
NA,"32852688",NA,NA,NA,NA,"headache",NA,"70 %","%"
NA,"32858584",NA,NA,NA,NA,"postpartum depression",NA,"52.3 %","%"
NA,"32858584",NA,NA,NA,NA,"postpartum depression",NA,"11.2 %","%"
NA,"32858584",NA,NA,NA,NA,"posttraumatic stress disorder",NA,"12.8 %","%"
NA,"32858584",NA,NA,NA,NA,"posttraumatic stress disorder",NA,"0.4 %","%"
NA,"32858584",NA,NA,NA,NA,"women postdural puncture headache breastfed less",NA,"54.5 %","%"
NA,"32858584",NA,NA,NA,NA,"breastfed less",NA,"76.8 %","%"
NA,"32858584",NA,NA,NA,NA,"current headache",NA,"32.6 %","%"
NA,"32858584",NA,NA,NA,NA,"current headache",NA,"15.2 %","%"
NA,"32858584",NA,NA,NA,NA,"current backache",NA,"43.9 %","%"
NA,"32858584",NA,NA,NA,NA,"controls",NA,"21 %","%"
NA,"32928014",NA,NA,NA,NA,"nausea",NA,"25.0 %","%"
NA,"32957796",NA,NA,NA,NA,"headache free controls",NA,"95 %","%"
NA,"32959458",NA,NA,NA,NA,"women",NA,"83 %","%"
NA,"32959458",NA,NA,NA,NA,"placebo",NA,"20 %","%"
NA,"33047511",NA,NA,NA,NA,"gs",NA,"18 %","%"
NA,"33047511",NA,NA,NA,NA,"gq",NA,"39 %","%"
NA,"33065273",NA,NA,NA,NA,"mobilization exercise",NA,"15 %","%"
NA,"33065273",NA,NA,NA,NA,"spinal mobilization exercise",NA,"21 %","%"
NA,"33179263",NA,NA,NA,NA,"ch attack",NA,"43 %","%"
NA,"33192977",NA,NA,NA,NA,"migraine",NA,"15 %","%"
NA,"33192977",NA,NA,NA,NA,"migraine",NA,"30 %","%"
NA,"33241323",NA,NA,NA,NA,"placebo",NA,"35.1 %","%"
NA,"33241323",NA,NA,NA,NA,"headache days",NA,"44.4 %","%"
NA,"33315046",NA,NA,NA,NA,"female",NA,"92 %","%"
NA,"33315046",NA,NA,NA,NA,"mbsr",NA,"73 %","%"
NA,"33315046",NA,NA,NA,NA,"unpleasantness",NA,"30.4 %","%"
NA,"33329305",NA,NA,NA,NA,"female",NA,"49.4 %","%"
NA,"33329305",NA,NA,NA,NA,"headache",NA,"10.1 %","%"
NA,"33329305",NA,NA,NA,NA,"headache",NA,"1.1 %","%"
NA,"33349955",NA,NA,NA,NA,"adults",NA,"15.9 %","%"
NA,"33349955",NA,NA,NA,NA,"women",NA,"21 %","%"
NA,"33349955",NA,NA,NA,NA,"men",NA,"10.7 %","%"
NA,"33349955",NA,NA,NA,NA,"unemployed",NA,"40 %","%"
NA,"33432635",NA,NA,NA,NA,"females",NA,"87.3 %","%"
NA,"33432635",NA,NA,NA,NA,"daily headaches",NA,"36.1 %","%"
NA,"33432635",NA,NA,NA,NA,"simple analgesics",NA,"62 %","%"
NA,"33432635",NA,NA,NA,NA,"combination analgesics",NA,"41 %","%"
NA,"33432635",NA,NA,NA,NA,"triptans",NA,"21 %","%"
NA,"33432635",NA,NA,NA,NA,"migraine preventive medication",NA,"44.9 %","%"
NA,"33520204",NA,NA,NA,NA,"i",NA,"71 %","%"
NA,"33520204",NA,NA,NA,NA,"vas",NA,"98 %","%"
NA,"33527189",NA,NA,NA,NA,"headache days",NA,"50 %","%"
NA,"33563049",NA,NA,NA,NA,"responder rate frequency",NA,"50 %","%"
NA,"33563049",NA,NA,NA,NA,"maximal pain intensity",NA,"25 %","%"
NA,"33563049",NA,NA,NA,NA,"minimal pain intensity",NA,"31 %","%"
NA,"33681785",NA,NA,NA,NA,"gabapentin",NA,"67.7 %","%"
NA,"33681785",NA,NA,NA,NA,"nsaids",NA,"65.6 %","%"
NA,"33681785",NA,NA,NA,NA,"tricyclic antidepressant",NA,"44.4 %","%"
NA,"33715955",NA,NA,NA,NA,"headache",NA,"76 %","%"
NA,"33715955",NA,NA,NA,NA,"withdrawal",NA,"15.4 %","%"
NA,"33715955",NA,NA,NA,NA,"hypotension",NA,"26 %","%"
NA,"33715955",NA,NA,NA,NA,"hemodialysis",NA,"35 %","%"
NA,"33777156",NA,NA,NA,NA,"yin meridians",NA,"17.8 %","%"
NA,"33777156",NA,NA,NA,NA,"head face neck",NA,"59.9 %","%"
NA,"33777156",NA,NA,NA,NA,"four limbs",NA,"31.7 %","%"
NA,"33777156",NA,NA,NA,NA,"specific acupoints application",NA,"78.2 %","%"
NA,"33802647",NA,NA,NA,NA,"migraines",NA,"14.7 %","%"
NA,"33904437",NA,NA,NA,NA,"epilepsy",NA,"98 %","%"
NA,"33904437",NA,NA,NA,NA,"headache",NA,"97.99 %","%"
NA,"33940524",NA,NA,NA,NA,"epilepsy",NA,"43 %","%"
NA,"33945036",NA,NA,NA,NA,"lidocaine",NA,"2 %","%"
NA,"33945036",NA,NA,NA,NA,"group a",NA,"96.3 %","%"
NA,"33945036",NA,NA,NA,NA,"group b",NA,"85.2 %","%"
NA,"33953911",NA,NA,NA,NA,"headache",NA,"25.2 %","%"
NA,"33966935",NA,NA,NA,NA,"functional socio professional disability",NA,"3.5 %to 33 %","%"
NA,"33966935",NA,NA,NA,NA,"patients",NA,"33 %","%"
NA,"33974014",NA,NA,NA,NA,"headache",NA,"90 %","%"
NA,"33974014",NA,NA,NA,NA,"tension type headache",NA,"38 %","%"
NA,"33974014",NA,NA,NA,NA,"migraine",NA,"12 %","%"
NA,"33974014",NA,NA,NA,NA,"triptans",NA,"20 %to 30 %","%"
NA,"33974014",NA,NA,NA,NA,"patients",NA,"25 %","%"
NA,"33974014",NA,NA,NA,NA,"patients",NA,"4 %","%"
NA,"34003143",NA,NA,NA,NA,"current headache disorder",NA,"50 %","%"
NA,"34003143",NA,NA,NA,NA,"migraine",NA,"30 %","%"
NA,"34115380",NA,NA,NA,NA,"quarterly fremanezumab",NA,"34.5 %","%"
NA,"34115380",NA,NA,NA,NA,"monthly fremanezumab",NA,"36.2 %","%"
NA,"34115380",NA,NA,NA,NA,"placebo",NA,"19.6 %","%"
NA,"34115380",NA,NA,NA,NA,"quarterly fremanezumab",NA,"40.7 %","%"
NA,"34115380",NA,NA,NA,NA,"monthly fremanezumab",NA,"43.4 %","%"
NA,"34115380",NA,NA,NA,NA,"quarterly fremanezumab",NA,"36.5 %","%"
NA,"34115380",NA,NA,NA,NA,"monthly fremanezumab",NA,"38.6 %","%"
NA,"34115380",NA,NA,NA,NA,"monthly fremanezumab",NA,"3.5 %","%"
NA,"34128449",NA,NA,NA,NA,"general population",NA,"78 %","%"
NA,"34141426",NA,NA,NA,NA,"pdph",NA,"23.47 %","%"
NA,"34146510",NA,NA,NA,NA,"ons",NA,"50 %","%"
NA,"34182466",NA,NA,NA,NA,"headaches",NA,"12.3 %","%"
NA,"34182466",NA,NA,NA,NA,"breast cancer",NA,"29.8 %","%"
NA,"34182466",NA,NA,NA,NA,"discontinuation",NA,"5 %","%"
NA,"34261435",NA,NA,NA,NA,"proportion",NA,"23 %","%"
NA,"34261435",NA,NA,NA,NA,"hypertension",NA,"24 %","%"
NA,"34261435",NA,NA,NA,NA,"anxiety disorders",NA,"25 %","%"
NA,"34297333",NA,NA,NA,NA,"monthly days acute medication use",NA,"50 %","%"
NA,"34325483",NA,NA,NA,NA,"patients relapsed",NA,"11 %","%"
NA,"34325483",NA,NA,NA,NA,"chronic headache",NA,"41 %","%"
NA,"34327787",NA,NA,NA,NA,"methodological quality",NA,"45 %","%"
NA,"34327787",NA,NA,NA,NA,"post covid headache",NA,"47.1 %","%"
NA,"34327787",NA,NA,NA,NA,"headache",NA,"57.97 %","%"
NA,"34327787",NA,NA,NA,NA,"hospitalized",NA,"31.11 %","%"
NA,"34327787",NA,NA,NA,NA,"post covid headache",NA,"8 %to 15 %","%"
NA,"34327787",NA,NA,NA,NA,"headache",NA,"15 %","%"
NA,"34332779",NA,NA,NA,NA,"europe",NA,"1 %","%"
NA,"34332779",NA,NA,NA,NA,"moh",NA,"2 %","%"
NA,"343489",NA,NA,NA,NA,"papaverine",NA,"58 %","%"
NA,"343489",NA,NA,NA,NA,"placebo",NA,"17 %","%"
NA,"34374330",NA,NA,NA,NA,"participants completed final week assessment",NA,"96.25 %","%"
NA,"34374330",NA,NA,NA,NA,"participants",NA,"93.75 %","%"
NA,"34374330",NA,NA,NA,NA,"treatment sessions",NA,"95 %","%"
NA,"34526307",NA,NA,NA,NA,"women",NA,"88 %","%"
NA,"34526307",NA,NA,NA,NA,"chronic migraine",NA,"67 %","%"
NA,"34526307",NA,NA,NA,NA,"linoleic acid",NA,"7 %","%"
NA,"34526307",NA,NA,NA,NA,"energy",NA,"1.8 %","%"
NA,"34551130",NA,NA,NA,NA,"moh",NA,"40.2 %","%"
NA,"34551130",NA,NA,NA,NA,"moh",NA,"49 %","%"
NA,"34551130",NA,NA,NA,NA,"moh",NA,"29 %","%"
NA,"34551130",NA,NA,NA,NA,"remained diagnostic thresholds cm moh",NA,"29.0 %","%"
NA,"34551130",NA,NA,NA,NA,"placebo",NA,"6.3 %","%"
NA,"34620087",NA,NA,NA,NA,"headache",NA,"90 %","%"
NA,"34635194",NA,NA,NA,NA,"headaches",NA,"26.6 %","%"
NA,"34704708",NA,NA,NA,NA,"active headaches",NA,"47 %","%"
NA,"34704708",NA,NA,NA,NA,"tension headaches",NA,"38 %","%"
NA,"34704708",NA,NA,NA,NA,"migraines",NA,"10 %","%"
NA,"34704708",NA,NA,NA,NA,"chronic headaches",NA,"3 %","%"
NA,"34704725",NA,NA,NA,NA,"ebp",NA,"74.4 %","%"
NA,"34704725",NA,NA,NA,NA,"ebp",NA,"73.7 %","%"
NA,"34704725",NA,NA,NA,NA,"i",NA,"81.0 %","%"
NA,"34727873",NA,NA,NA,NA,"wcs",NA,"18.2 %","%"
NA,"34727873",NA,NA,NA,NA,"opioids",NA,"15.5 %","%"
NA,"34747799",NA,NA,NA,NA,"males",NA,"72.72 %","%"
NA,"34747799",NA,NA,NA,NA,"females",NA,"27.27 %","%"
NA,"34747799",NA,NA,NA,NA,"systemic hypertension",NA,"36 %","%"
NA,"34747799",NA,NA,NA,NA,"obstructive sleep apnea syndrome",NA,"18.18 %","%"
NA,"34747799",NA,NA,NA,NA,"systemic hypertension",NA,"36.36 %","%"
NA,"34747799",NA,NA,NA,NA,"diabetes mellitus",NA,"9.09 %","%"
NA,"34749910",NA,NA,NA,NA,"prevalence headache disorders",NA,"28.45 %","%"
NA,"34749910",NA,NA,NA,NA,"prevalence headache disorders",NA,"28.54 %","%"
NA,"34749910",NA,NA,NA,NA,"pediatric moh",NA,"44.2 %","%"
NA,"34749910",NA,NA,NA,NA,"pediatric moh",NA,"37.2 %","%"
NA,"34766205",NA,NA,NA,NA,"headache",NA,"70 %","%"
NA,"34766205",NA,NA,NA,NA,"migraine like features",NA,"25 %","%"
NA,"34839445",NA,NA,NA,NA,"genes role neurological health",NA,"15 %","%"
NA,"34929374",NA,NA,NA,NA,"female",NA,"85 %","%"
NA,"35034023",NA,NA,NA,NA,"standard",NA,"74.2 %","%"
NA,"35034023",NA,NA,NA,NA,"adverse drug reactions",NA,"9.7 %","%"
NA,"35100967",NA,NA,NA,NA,"headache",NA,"22.4 %","%"
NA,"35100967",NA,NA,NA,NA,"headache",NA,"23.8 %","%"
NA,"35100967",NA,NA,NA,NA,"headache",NA,"16.9 %","%"
NA,"35254637",NA,NA,NA,NA,"headaches",NA,"96 %","%"
NA,"35254637",NA,NA,NA,NA,"migraine headache",NA,"11 %","%"
NA,"35254637",NA,NA,NA,NA,"consumers",NA,"50 %","%"
NA,"35254637",NA,NA,NA,NA,"migraine headache",NA,"22 %","%"
NA,"35301859",NA,NA,NA,NA,"headache",NA,"95 %","%"
NA,"35331020",NA,NA,NA,NA,"primary headache",NA,"48.4 %","%"
NA,"35331020",NA,NA,NA,NA,"primary headache disorders",NA,"10 %","%"
NA,"35331020",NA,NA,NA,NA,"primary headache disorders",NA,"30.2 %","%"
NA,"35331020",NA,NA,NA,NA,"tension type headache headache",NA,"8.2 %","%"
NA,"35331020",NA,NA,NA,NA,"medication overuse",NA,"3.4 %","%"
NA,"35331020",NA,NA,NA,NA,"chronic headache",NA,"21.7 %","%"
NA,"35332812",NA,NA,NA,NA,"three",NA,"19 %","%"
NA,"35332812",NA,NA,NA,NA,"headache",NA,"75 %","%"
NA,"35332812",NA,NA,NA,NA,"migraine like attacks",NA,"56 %","%"
NA,"35332812",NA,NA,NA,NA,"placebo",NA,"6 %","%"
NA,"35361131",NA,NA,NA,NA,"received bntb chadox",NA,"94 %","%"
NA,"35410119",NA,NA,NA,NA,"active headache disorder",NA,"52.0 %","%"
NA,"35410119",NA,NA,NA,NA,"tth",NA,"26.0 %","%"
NA,"35410119",NA,NA,NA,NA,"h+",NA,"4.6 %","%"
NA,"35410119",NA,NA,NA,NA,"headache",NA,"15.8 %","%"
NA,"35469447",NA,NA,NA,NA,"migraine",NA,"36.8 %","%"
NA,"35469481",NA,NA,NA,NA,"masseter",NA,"15.4 %","%"
NA,"35469481",NA,NA,NA,NA,"masseter muscle",NA,"14.4 %","%"
NA,"35469481",NA,NA,NA,NA,"temporalis",NA,"2.8 %","%"
NA,"35469481",NA,NA,NA,NA,"trapezius muscles",NA,"3.1 %","%"
NA,"35469516",NA,NA,NA,NA,"headaches",NA,"25.3 %","%"
NA,"35469516",NA,NA,NA,NA,"migraine",NA,"68 %","%"
NA,"35469516",NA,NA,NA,NA,"kidney transplant",NA,"15.2 %","%"
NA,"35476143",NA,NA,NA,NA,"weekly attack frequency",NA,"52 %","%"
NA,"35476143",NA,NA,NA,NA,"placebo",NA,"27 %","%"
NA,"35546412",NA,NA,NA,NA,"primary episodic headaches",NA,"55 %","%"
NA,"35546412",NA,NA,NA,NA,"medication overuse headache",NA,"1 %","%"
NA,"35652765",NA,NA,NA,NA,"successful relief",NA,"30 %to 50 %","%"
NA,"35871791",NA,NA,NA,NA,"headache",NA,"58.4 %","%"
NA,"35906563",NA,NA,NA,NA,"head facial discomfort",NA,"74.4 %","%"
NA,"35906563",NA,NA,NA,NA,"pes",NA,"20.8 %","%"
NA,"35906563",NA,NA,NA,NA,"head facial discomfort",NA,"33.8 %","%"
NA,"35953857",NA,NA,NA,NA,"self report diagnosis headache",NA,"18.9 %","%"
NA,"35953857",NA,NA,NA,NA,"rural settings",NA,"31.6 %","%"
NA,"35953857",NA,NA,NA,NA,"pre onset headache",NA,"13.9 %","%"
NA,"35953857",NA,NA,NA,NA,"tension type headache",NA,"15.5 %","%"
NA,"35962748",NA,NA,NA,NA,"akathisia",NA,"0 %","%"
NA,"35977820",NA,NA,NA,NA,"successful response",NA,"50 %","%"
NA,"35977820",NA,NA,NA,NA,"successful responses",NA,"80.5 %","%"
NA,"35977820",NA,NA,NA,NA,"prf",NA,"55.6 %","%"
NA,"35977820",NA,NA,NA,NA,"dbs",NA,"86.7 %","%"
NA,"35977820",NA,NA,NA,NA,"srs",NA,"77.8 %","%"
NA,"35977820",NA,NA,NA,NA,"mvd",NA,"76.7 %","%"
NA,"35977820",NA,NA,NA,NA,"refractory medical therapy",NA,"45 % -55 %","%"
NA,"36068494",NA,NA,NA,NA,"responders",NA,"50 %","%"
NA,"36068494",NA,NA,NA,NA,"moh",NA,"52.2 %","%"
NA,"36068494",NA,NA,NA,NA,"days headache ahm use",NA,"25.1 %","%"
NA,"36068494",NA,NA,NA,NA,"responders",NA,"17.0 %","%"
NA,"36068494",NA,NA,NA,NA,"moh",NA,"18.4 %","%"
NA,"36068494",NA,NA,NA,NA,"moh",NA,"31.5 %","%"
NA,"36068494",NA,NA,NA,NA,"days headache triptan use",NA,"9.1 %","%"
NA,"36068494",NA,NA,NA,NA,"response",NA,"5.8 %","%"
NA,"36068494",NA,NA,NA,NA,"response",NA,"7.2 %","%"
NA,"36068494",NA,NA,NA,NA,"â¥",NA,"12.6 %","%"
NA,"36143259",NA,NA,NA,NA,"i",NA,"9.32 %","%"
NA,"36143259",NA,NA,NA,NA,"i",NA,"0 %","%"
NA,"36209047",NA,NA,NA,NA,"weekly ch attacks",NA,"78.8 %","%"
NA,"36209047",NA,NA,NA,NA,"conventional preventive therapy",NA,"86.1 %","%"
NA,"36209047",NA,NA,NA,NA,"gt",NA,"63.6 %","%"
NA,"36253732",NA,NA,NA,NA,"female",NA,"72 %","%"
NA,"36286601",NA,NA,NA,NA,"group within group improvements",NA,"70 %","%"
NA,"36286601",NA,NA,NA,NA,"whitecaucasian",NA,"83 %","%"
NA,"36310189",NA,NA,NA,NA,"occipital nerve stimulation",NA,"57.3 %","%"
NA,"36310189",NA,NA,NA,NA,"deep brain stimulation",NA,"77.0 %","%"
NA,"36321947",NA,NA,NA,NA,"frequency",NA,"50 %","%"
NA,"36321947",NA,NA,NA,NA,"frequency",NA,"83 %","%"
NA,"36360996",NA,NA,NA,NA,"tau + mind",NA,"10.2 %","%"
NA,"36360996",NA,NA,NA,NA,"tau + mind",NA,"75.9 %","%"
NA,"36360996",NA,NA,NA,NA,"headache day",NA,"50 %","%"
NA,"36373785",NA,NA,NA,NA,"five",NA,"6 %","%"
NA,"36373785",NA,NA,NA,NA,"preventive medication",NA,"29 %","%"
NA,"36422223",NA,NA,NA,NA,"headache",NA,"49.1 %","%"
NA,"36422223",NA,NA,NA,NA,"migraine",NA,"17.2 %","%"
NA,"36422223",NA,NA,NA,NA,"migraine",NA,"61.5 %","%"
NA,"36606574",NA,NA,NA,NA,"migraine",NA,"15 %","%"
NA,"36606574",NA,NA,NA,NA,"tension type headache",NA,"20.6 %","%"
NA,"36606574",NA,NA,NA,NA,"chronic headaches",NA,"6 %","%"
NA,"36739508",NA,NA,NA,NA,"accuracy",NA,"90 %","%"
NA,"36782182",NA,NA,NA,NA,"migraine",NA,"11 %","%"
NA,"36782182",NA,NA,NA,NA,"migraine without aura mwoa",NA,"8 %","%"
NA,"36782182",NA,NA,NA,NA,"migraine aura mwa",NA,"3 %","%"
NA,"36782182",NA,NA,NA,NA,"tension type headache tth",NA,"17 %","%"
NA,"36782182",NA,NA,NA,NA,"primary headache",NA,"62 %","%"
NA,"36782182",NA,NA,NA,NA,"females males",NA,"38 %","%"
NA,"36782182",NA,NA,NA,NA,"females males",NA,"27 %","%"
NA,"36843368",NA,NA,NA,NA,"ropivacaine",NA,"0.5 %","%"
NA,"36843368",NA,NA,NA,NA,"normal saline",NA,"0.9 %","%"
NA,"36849915",NA,NA,NA,NA,"migraine without aura",NA,"3.24 %","%"
NA,"36849915",NA,NA,NA,NA,"menstrual related migraine",NA,"1.29 %","%"
NA,"36849915",NA,NA,NA,NA,"tension type headaches",NA,"0.6 %","%"
NA,"36849915",NA,NA,NA,NA,"hdh",NA,"9.09 %","%"
NA,"36849915",NA,NA,NA,NA,"headache haemodialysis",NA,"6.49 %","%"
NA,"36849915",NA,NA,NA,NA,"duration â¤ h",NA,"66.67 %","%"
NA,"36856015",NA,NA,NA,NA,"response rates",NA,"50 %","%"
NA,"36856015",NA,NA,NA,NA,"placebo",NA,"95 %","%"
NA,"36948579",NA,NA,NA,NA,"treatment",NA,"47.8 % -100.0 %","%"
NA,"3826597",NA,NA,NA,NA,"postdural puncture headache",NA,"16.8 %","%"
NA,"3826597",NA,NA,NA,NA,"placebo",NA,"24.5 %","%"
NA,"3910260",NA,NA,NA,NA,"headache",NA,"79 %","%"
NA,"3910260",NA,NA,NA,NA,"muscle contraction headache combination headache",NA,"53 %","%"
NA,"3913752",NA,NA,NA,NA,"average headache symptoms",NA,"50 %","%"
NA,"3913752",NA,NA,NA,NA,"average headache symptoms",NA,"48 %","%"
NA,"3913752",NA,NA,NA,NA,"side effects",NA,"19 %","%"
NA,"3961222",NA,NA,NA,NA,"postspinal headache",NA,"14 %","%"
NA,"3961222",NA,NA,NA,NA,"ambulation",NA,"11 %","%"
NA,"468745",NA,NA,NA,NA,"bidirectional digit temperature",NA,"33 %","%"
NA,"468745",NA,NA,NA,NA,"biofeedback",NA,"85 %","%"
NA,"468745",NA,NA,NA,NA,"home practice",NA,"55 %","%"
NA,"517118",NA,NA,NA,NA,"minimal relevant difference",NA,"50 %","%"
NA,"6302851",NA,NA,NA,NA,"headache",NA,"65 %","%"
NA,"7046024",NA,NA,NA,NA,"improvement",NA,"65 %","%"
NA,"7323625",NA,NA,NA,NA,"clinical benefit",NA,"65 %","%"
NA,"7486359",NA,NA,NA,NA,"oxygen saturation",NA,"90 %","%"
NA,"7486359",NA,NA,NA,NA,"pain score",NA,"50 %","%"
NA,"7486359",NA,NA,NA,NA,"clinical success",NA,"82 %","%"
NA,"7486359",NA,NA,NA,NA,"metoclopramide",NA,"46 %","%"
NA,"7486359",NA,NA,NA,NA,"placebo",NA,"29 %","%"
NA,"7486359",NA,NA,NA,NA,"relapse",NA,"6 %","%"
NA,"7516861",NA,NA,NA,NA,"placebo",NA,"31 %","%"
NA,"7516861",NA,NA,NA,NA,"placebo",NA,"26 %","%"
NA,"7516861",NA,NA,NA,NA,"recurrence",NA,"40 %","%"
NA,"7516861",NA,NA,NA,NA,"placebo",NA,"35 %","%"
NA,"7516861",NA,NA,NA,NA,"sumatriptan recipients",NA,"5 %","%"
NA,"7553814",NA,NA,NA,NA,"adverse events",NA,"28 %","%"
NA,"7553814",NA,NA,NA,NA,"headache relief",NA,"96 %","%"
NA,"7601299",NA,NA,NA,NA,"placebo",NA,"40 %","%"
NA,"7601299",NA,NA,NA,NA,"headache recurrence",NA,"17 %","%"
NA,"7601299",NA,NA,NA,NA,"recurrence",NA,"13 %","%"
NA,"7758098",NA,NA,NA,NA,"the study population random sample men women",NA,"76 %","%"
NA,"7828190",NA,NA,NA,NA,"headache recurrence",NA,"49 %","%"
NA,"7828190",NA,NA,NA,NA,"headache recurrence",NA,"30 %","%"
NA,"7835381",NA,NA,NA,NA,"headache relief",NA,"75 %","%"
NA,"7854485",NA,NA,NA,NA,"postlumbar puncture headache",NA,"32 %","%"
NA,"7854485",NA,NA,NA,NA,"postlumbar puncture headache",NA,"6 %","%"
NA,"7859245",NA,NA,NA,NA,"females",NA,"1.39 %","%"
NA,"7859245",NA,NA,NA,NA,"females",NA,"3.83 %","%"
NA,"7859245",NA,NA,NA,NA,"males",NA,"1.33 %","%"
NA,"7925339",NA,NA,NA,NA,"postdural puncture headache",NA,"30 %","%"
NA,"7925339",NA,NA,NA,NA,"sprotte",NA,"6 %","%"
NA,"7925339",NA,NA,NA,NA,"multiple attempts",NA,"16 %","%"
NA,"7925339",NA,NA,NA,NA,"multiple attempts dural puncture",NA,"28 %","%"
NA,"7931379",NA,NA,NA,NA,"dominant headache",NA,"53 %","%"
NA,"7987510",NA,NA,NA,NA,"patients achieved complete relief",NA,"30 %","%"
NA,"7987510",NA,NA,NA,NA,"relief headache",NA,"90 %","%"
NA,"7987510",NA,NA,NA,NA,"international headache society criteria migraine",NA,"80 %","%"
NA,"7987510",NA,NA,NA,NA,"complete relief",NA,"64 %","%"
NA,"7987510",NA,NA,NA,NA,"recurrent headache within hours  patients",NA,"81 %","%"
NA,"8002320",NA,NA,NA,NA,"double blind placebo",NA,"11 %","%"
NA,"8002320",NA,NA,NA,NA,"placebo",NA,"22 %","%"
NA,"8062354",NA,NA,NA,NA,"headache duration frequency",NA,"50 %","%"
NA,"8062354",NA,NA,NA,NA,"ao",NA,"30.3 %","%"
NA,"8062354",NA,NA,NA,NA,"am",NA,"22.4 %","%"
NA,"8062354",NA,NA,NA,NA,"pl",NA,"21.9 %","%"
NA,"8062354",NA,NA,NA,NA,"ao",NA,"39.4 %","%"
NA,"8062354",NA,NA,NA,NA,"am",NA,"25.4 %","%"
NA,"8062354",NA,NA,NA,NA,"pl",NA,"26.6 %","%"
NA,"8062354",NA,NA,NA,NA,"ao",NA,"31.8 %","%"
NA,"8062354",NA,NA,NA,NA,"am",NA,"26.9 %","%"
NA,"8142098",NA,NA,NA,NA,"postdural puncture headache",NA,"1.61 %","%"
NA,"8142098",NA,NA,NA,NA,"postdural puncture headache",NA,"1.59 %","%"
NA,"8232869",NA,NA,NA,NA,"needle size",NA,"63 %","%"
NA,"8232869",NA,NA,NA,NA,"needle size",NA,"48 %","%"
NA,"8287298",NA,NA,NA,NA,"pdph",NA,"80 %","%"
NA,"8287298",NA,NA,NA,NA,"epidural blood patch",NA,"90 %","%"
NA,"8403134",NA,NA,NA,NA,"pdph",NA,"14 %","%"
NA,"8403134",NA,NA,NA,NA,"sprotte",NA,"15.2 %","%"
NA,"8403134",NA,NA,NA,NA,"quincke",NA,"12.8 %","%"
NA,"8403134",NA,NA,NA,NA,"cerebrospinal fluid",NA,"66 %","%"
NA,"8436154",NA,NA,NA,NA,"dilatation",NA,"36 %","%"
NA,"8442966",NA,NA,NA,NA,"headache",NA,"87.5 %","%"
NA,"8442966",NA,NA,NA,NA,"headaches",NA,"66.7 %","%"
NA,"8442966",NA,NA,NA,NA,"headache frequency",NA,"5 %","%"
NA,"8448099",NA,NA,NA,NA,"pdph",NA,"6 %","%"
NA,"8448099",NA,NA,NA,NA,"control group",NA,"2 %","%"
NA,"8450893",NA,NA,NA,NA,"headache duration frequency",NA,"50 %","%"
NA,"8450893",NA,NA,NA,NA,"treatment responders",NA,"30.3 %","%"
NA,"8450893",NA,NA,NA,NA,"am",NA,"22.4 %","%"
NA,"8450893",NA,NA,NA,NA,"pl",NA,"21.9 %","%"
NA,"8489976",NA,NA,NA,NA,"bupivacaine spinal anesthesia",NA,"0.5 %","%"
NA,"8489976",NA,NA,NA,NA,"pdph",NA,"9.2 %","%"
NA,"8749244",NA,NA,NA,NA,"attacks sumatriptan",NA,"74 %","%"
NA,"8749244",NA,NA,NA,NA,"placebo treated attacks",NA,"26 %","%"
NA,"8749244",NA,NA,NA,NA,"attacks treated",NA,"96 %","%"
NA,"8773038",NA,NA,NA,NA,"migraineurs",NA,"71.4 %","%"
NA,"8773038",NA,NA,NA,NA,"tension headache",NA,"28.6 %","%"
NA,"8783311",NA,NA,NA,NA,"controls",NA,"52 %","%"
NA,"8787254",NA,NA,NA,NA,"pdph",NA,"8 %","%"
NA,"8814427",NA,NA,NA,NA,"immunosuppression",NA,"50 %","%"
NA,"8826568",NA,NA,NA,NA,"epidural nacl",NA,"0.9 %","%"
NA,"8896009",NA,NA,NA,NA,"pdph",NA,"2.97 %","%"
NA,"8896009",NA,NA,NA,NA,"pdph",NA,"2.69 %","%"
NA,"8896009",NA,NA,NA,NA,"back pain",NA,"4.95 %","%"
NA,"8896009",NA,NA,NA,NA,"back pain",NA,"5.91 %","%"
NA,"9038460",NA,NA,NA,NA,"headache",NA,"11.8 %","%"
NA,"9038460",NA,NA,NA,NA,"headache",NA,"50 %","%"
NA,"9074911",NA,NA,NA,NA,"index",NA,"3 %","%"
NA,"9074911",NA,NA,NA,NA,"suppression",NA,"16 %","%"
NA,"9074911",NA,NA,NA,NA,"index induced late suppression",NA,"62 %","%"
NA,"9074911",NA,NA,NA,NA,"migraine",NA,"48 %","%"
NA,"9074911",NA,NA,NA,NA,"labial es",NA,"97 %","%"
NA,"9074911",NA,NA,NA,NA,"migraineurs",NA,"83 %","%"
NA,"9209770",NA,NA,NA,NA,"photopsia",NA,"43 %","%"
NA,"9209770",NA,NA,NA,NA,"phantom pain",NA,"28 %","%"
NA,"9209770",NA,NA,NA,NA,"non painful phantom phenomena",NA,"62 %","%"
NA,"9212474",NA,NA,NA,NA,"females",NA,"1.18 %","%"
NA,"9212474",NA,NA,NA,NA,"females",NA,"3.08 %","%"
NA,"9212474",NA,NA,NA,NA,"non obstetric females",NA,"0.37 %","%"
NA,"9212474",NA,NA,NA,NA,"females",NA,"1.31 %","%"
NA,"9212474",NA,NA,NA,NA,"males",NA,"0.71 %","%"
NA,"9241342",NA,NA,NA,NA,"pdph",NA,"0 %","%"
NA,"9241342",NA,NA,NA,NA,"pdph",NA,"5.6 %","%"
NA,"9251377",NA,NA,NA,NA,"side effects",NA,"16.67 %","%"
NA,"9277027",NA,NA,NA,NA,"decreased headache frequency",NA,"95 %","%"
NA,"9277027",NA,NA,NA,NA,"therapy",NA,"75 %","%"
NA,"9303253",NA,NA,NA,NA,"female",NA,"66 %","%"
NA,"9303253",NA,NA,NA,NA,"techniques",NA,"82 %","%"
NA,"9325477",NA,NA,NA,NA,"headache index",NA,"54.4 %","%"
NA,"9325477",NA,NA,NA,NA,"mild side effects",NA,"53.8 %","%"
NA,"9325477",NA,NA,NA,NA,"mouth dryness",NA,"65.5 %","%"
NA,"9424969",NA,NA,NA,NA,"pdph",NA,"9.4 %","%"
NA,"9424969",NA,NA,NA,NA,"pdph",NA,"17.6 %","%"
NA,"9424969",NA,NA,NA,NA,"only half",NA,"60.5 %","%"
NA,"9424969",NA,NA,NA,NA,"ambulation",NA,"8.8 %","%"
NA,"9474718",NA,NA,NA,NA,"headache",NA,"90 %","%"
NA,"9585947",NA,NA,NA,NA,"dropped",NA,"33 %","%"
NA,"9585947",NA,NA,NA,NA,"total remission symptomatology",NA,"27 %","%"
NA,"9585947",NA,NA,NA,NA,"patients still complained headaches",NA,"43 %","%"
NA,"9689271",NA,NA,NA,NA,"nitrous oxide",NA,"67 %","%"
NA,"9689271",NA,NA,NA,NA,"analgesia",NA,"7 %","%"
NA,"9689271",NA,NA,NA,NA,"analgesia",NA,"9 %","%"
NA,"9689271",NA,NA,NA,NA,"analgesia",NA,"10 %","%"
NA,"9689271",NA,NA,NA,NA,"emesis",NA,"6 %","%"
NA,"9689271",NA,NA,NA,NA,"emesis",NA,"8 %","%"
NA,"9689271",NA,NA,NA,NA,"antiemetic",NA,"1 %","%"
NA,"9689271",NA,NA,NA,NA,"antiemetic",NA,"2 %","%"
NA,"9689271",NA,NA,NA,NA,"enflurane",NA,"41 %","%"
NA,"9689271",NA,NA,NA,NA,"isoflurane",NA,"12 %","%"
NA,"9689271",NA,NA,NA,NA,"isoflurane",NA,"23 %","%"
NA,"9773702",NA,NA,NA,NA,"pdph",NA,"4.3 %","%"
NA,"9793663",NA,NA,NA,NA,"headache",NA,"9.1 %","%"
NA,"9822206",NA,NA,NA,NA,"migraines",NA,"10 %","%"
NA,"9822206",NA,NA,NA,NA,"tension headaches",NA,"7 %","%"
NA,"9876888",NA,NA,NA,NA,"post lumbar puncture headache",NA,"6 %","%"
NA,"9876888",NA,NA,NA,NA,"post lumbar puncture headache",NA,"32 %","%"
NA,"9926184",NA,NA,NA,NA,"ponv",NA,"32 %","%"
NA,"9926184",NA,NA,NA,NA,"ponv",NA,"37 %","%"
NA,"9926184",NA,NA,NA,NA,"ponv",NA,"49 %","%"
NA,"9926184",NA,NA,NA,NA,"nalbuphine",NA,"52 %","%"
